trade_date,trades,traders,wins,net_profit,gross_profit,gross_loss,fees,avg_r,avg_risk_pct,avg_duration_min,losses,win_rate,cum_net_profit,running_peak,drawdown,drawdown_pct,weekday,year_month
2024-01-01,15,8,7,910.8899999999999,4651.95,3741.06,631.38,0.19818387789002834,1.301,101.4,8,46.666666666666664,910.8899999999999,910.8899999999999,0.0,0.0,Monday,2024-01
2024-01-02,7,4,2,-237.18000000000006,1669.4099999999999,1906.5900000000001,225.97,-0.15472852485144137,1.0595714285714286,163.0,5,28.57142857142857,673.7099999999998,910.8899999999999,-237.18000000000006,-26.038270263149236,Tuesday,2024-01
2024-01-03,16,6,7,-2716.19,4035.91,6752.1,943.81,0.12937042116385022,1.26025,319.125,9,43.75,-2042.4800000000002,910.8899999999999,-2953.37,-324.2290507086476,Wednesday,2024-01
2024-01-04,9,7,3,-783.35,2156.11,2939.46,191.83,0.023973777350271373,1.5813333333333333,235.33333333333334,6,33.33333333333333,-2825.8300000000004,910.8899999999999,-3736.7200000000003,-410.2273600544523,Thursday,2024-01
2024-01-05,22,6,8,-1467.4499999999998,5066.59,6534.04,579.77,0.014805600419858189,1.6616363636363636,156.3181818181818,14,36.36363636363637,-4293.280000000001,910.8899999999999,-5204.17,-571.3280418052674,Friday,2024-01
2024-01-06,7,3,3,384.24,1846.47,1462.23,107.56,0.3665365316410098,1.3898571428571427,111.85714285714286,4,42.857142857142854,-3909.040000000001,910.8899999999999,-4819.93,-529.14512180395,Saturday,2024-01
2024-01-07,1,1,1,1457.01,1457.01,0.0,25.44,1.5725399960513857,0.935,5.0,0,100.0,-2452.0300000000007,910.8899999999999,-3362.9200000000005,-369.1905718582925,Sunday,2024-01
2024-01-08,11,5,4,-1212.8,1534.98,2747.7799999999997,280.6,-0.057112589051445346,1.4562727272727272,109.0,7,36.36363636363637,-3664.830000000001,910.8899999999999,-4575.720000000001,-502.33507887889886,Monday,2024-01
2024-01-09,17,6,6,-922.0600000000001,3430.41,4352.47,312.71999999999997,-0.03395437583237609,1.8250000000000002,127.52941176470588,11,35.294117647058826,-4586.890000000001,910.8899999999999,-5497.780000000001,-603.5613520842254,Tuesday,2024-01
2024-01-10,9,4,3,956.5799999999998,3165.8999999999996,2209.32,176.11,0.07954332656545872,1.1516666666666666,137.55555555555554,6,33.33333333333333,-3630.3100000000013,910.8899999999999,-4541.200000000001,-498.54537869556157,Wednesday,2024-01
2024-01-11,9,4,3,184.41999999999985,2182.5,1998.0800000000002,140.35999999999999,-0.20842095948481598,1.0871111111111111,115.77777777777777,6,33.33333333333333,-3445.8900000000012,910.8899999999999,-4356.780000000001,-478.2992457925766,Thursday,2024-01
2024-01-12,32,9,12,-5672.55,5482.8,11155.35,590.9,-0.12084321062305606,1.678625,250.40625,20,37.5,-9118.440000000002,910.8899999999999,-10029.330000000002,-1101.047327339196,Friday,2024-01
2024-01-13,7,3,3,-173.62,1431.3000000000002,1604.92,128.71,-0.07767268879879682,1.1431428571428572,226.71428571428572,4,42.857142857142854,-9292.060000000003,910.8899999999999,-10202.950000000003,-1120.1078066506388,Saturday,2024-01
2024-01-14,5,2,1,-704.15,123.68,827.83,32.339999999999996,-0.6691675634125656,0.6856,538.6,4,20.0,-9996.210000000003,910.8899999999999,-10907.100000000002,-1197.4113229917996,Sunday,2024-01
2024-01-15,20,7,7,-1390.08,2624.78,4014.86,312.9,-0.09260682853216504,1.3526,151.1,13,35.0,-11386.290000000003,910.8899999999999,-12297.180000000002,-1350.0181141520934,Monday,2024-01
2024-01-16,15,4,4,-3107.3599999999997,4429.95,7537.3099999999995,279.52,-0.05165772822209269,1.4571333333333334,476.0,11,26.666666666666668,-14493.650000000001,910.8899999999999,-15404.54,-1691.1526089868155,Tuesday,2024-01
2024-01-17,12,5,4,331.44000000000017,2761.88,2430.44,177.55,-0.07924593800913544,1.4209166666666668,304.4166666666667,8,33.33333333333333,-14162.210000000001,910.8899999999999,-15073.1,-1654.7662176552606,Wednesday,2024-01
2024-01-18,12,5,7,1063.93,4142.22,3078.29,237.73,0.5643286967380639,1.8231666666666666,96.66666666666667,5,58.333333333333336,-13098.28,910.8899999999999,-14009.17,-1537.9650671321456,Thursday,2024-01
2024-01-19,11,3,3,-1191.26,780.6500000000001,1971.91,181.29999999999998,-0.4259709569321476,1.4877272727272726,583.9090909090909,8,27.27272727272727,-14289.54,910.8899999999999,-15200.43,-1668.7448539340646,Friday,2024-01
2024-01-20,1,1,0,-298.56,0.0,298.56,33.07,-1.1245743902478365,1.776,10.0,1,0.0,-14588.1,910.8899999999999,-15498.99,-1701.5215887758127,Saturday,2024-01
2024-01-22,19,8,8,2692.0699999999997,7093.4,4401.33,354.85,0.20487222880951242,1.152157894736842,270.8421052631579,11,42.10526315789473,-11896.03,910.8899999999999,-12806.92,-1405.9787680180923,Monday,2024-01
2024-01-23,20,5,9,5411.98,9532.38,4120.4,496.18,0.22313871974577798,1.8171500000000003,89.1,11,45.0,-6484.050000000001,910.8899999999999,-7394.9400000000005,-811.8367750222312,Tuesday,2024-01
2024-01-24,9,3,4,2080.75,3601.27,1520.52,162.84,0.34682508520688915,1.3978888888888887,130.33333333333334,5,44.44444444444444,-4403.300000000001,910.8899999999999,-5314.1900000000005,-583.4063388554052,Wednesday,2024-01
2024-01-25,11,6,3,328.45,3131.62,2803.17,190.69,-0.1651538737924826,1.3002727272727272,231.0,8,27.27272727272727,-4074.8500000000013,910.8899999999999,-4985.740000000002,-547.3481979163238,Thursday,2024-01
2024-01-26,22,7,6,-3603.08,3555.35,7158.43,390.55,-0.271909979215614,1.556,340.8181818181818,16,27.27272727272727,-7677.930000000001,910.8899999999999,-8588.820000000002,-942.9041926028393,Friday,2024-01
2024-01-28,6,2,2,-1209.82,315.32,1525.1399999999999,166.85,-0.4975792072494336,1.3105,80.33333333333333,4,33.33333333333333,-8887.750000000002,910.8899999999999,-9798.640000000001,-1075.721547058372,Sunday,2024-01
2024-01-29,12,7,2,-3856.69,794.4200000000001,4651.11,234.04,-0.4097070426211182,1.4066666666666665,245.66666666666666,10,16.666666666666664,-12744.440000000002,910.8899999999999,-13655.330000000002,-1499.1195424255402,Monday,2024-01
2024-01-30,23,8,8,4570.910000000001,10213.150000000001,5642.24,619.76,0.23591564842661922,1.2922608695652174,630.6086956521739,15,34.78260869565217,-8173.530000000002,910.8899999999999,-9084.420000000002,-997.3125185258377,Tuesday,2024-01
2024-01-31,23,9,9,-218.79000000000008,4558.17,4776.96,419.23,-0.031729186637567665,1.4675217391304347,206.7826086956522,14,39.130434782608695,-8392.320000000002,910.8899999999999,-9303.210000000001,-1021.3318842011662,Wednesday,2024-01
2024-02-01,5,2,1,2524.2700000000004,4990.52,2466.25,171.32999999999998,-0.05564967910829817,1.2668,522.0,4,20.0,-5868.050000000001,910.8899999999999,-6778.9400000000005,-744.2106072083349,Thursday,2024-02
2024-02-02,17,5,5,-829.2400000000002,5088.3,5917.54,353.48,0.05948196056309348,1.331294117647059,201.52941176470588,12,29.411764705882355,-6697.290000000001,910.8899999999999,-7608.18,-835.2468464907948,Friday,2024-02
2024-02-03,8,3,3,-3467.91,1022.55,4490.46,347.87,-0.3805277414936523,1.5207499999999998,303.625,5,37.5,-10165.2,910.8899999999999,-11076.09,-1215.9635082172383,Saturday,2024-02
2024-02-04,9,3,4,-18.09999999999991,1995.45,2013.55,157.84,0.3999826682889267,1.7994444444444444,190.77777777777777,5,44.44444444444444,-10183.300000000001,910.8899999999999,-11094.19,-1217.9505758104715,Sunday,2024-02
2024-02-05,23,7,12,5395.95,8822.74,3426.79,444.46,0.3399279648126693,1.6552608695652173,139.8695652173913,11,52.17391304347826,-4787.350000000001,910.8899999999999,-5698.240000000002,-625.5684001361309,Monday,2024-02
2024-02-06,14,7,5,-714.21,2684.31,3398.52,288.33,0.10786727327737053,1.3735,162.21428571428572,9,35.714285714285715,-5501.560000000001,910.8899999999999,-6412.450000000001,-703.9763308412654,Tuesday,2024-02
2024-02-07,20,5,4,-865.8799999999999,2791.92,3657.7999999999997,346.01,-0.13811598369440095,1.5118500000000001,329.55,16,20.0,-6367.440000000001,910.8899999999999,-7278.330000000002,-799.0350097157727,Wednesday,2024-02
2024-02-08,17,5,3,-3681.98,1193.78,4875.76,273.13,-0.47557765036531024,2.106176470588235,459.8235294117647,14,17.647058823529413,-10049.420000000002,910.8899999999999,-10960.310000000001,-1203.2528625849448,Thursday,2024-02
2024-02-09,18,5,8,1514.8900000000003,5990.99,4476.1,437.65,0.20251195871753866,1.365,149.94444444444446,10,44.44444444444444,-8534.530000000002,910.8899999999999,-9445.420000000002,-1036.9440876505398,Friday,2024-02
2024-02-11,6,3,3,-74.53000000000003,1198.71,1273.24,76.55,0.1859318137533421,2.679,85.16666666666667,3,50.0,-8609.060000000003,910.8899999999999,-9519.950000000003,-1045.126195259582,Sunday,2024-02
2024-02-12,19,6,5,-4205.87,1625.1100000000001,5830.98,462.87,-0.47276467897673663,1.6111052631578948,55.0,14,26.31578947368421,-12814.930000000004,910.8899999999999,-13725.820000000003,-1506.8581277651533,Monday,2024-02
2024-02-13,24,8,7,-1026.65,5315.41,6342.06,501.85,-0.1472166686785329,1.4232083333333332,249.25,17,29.166666666666668,-13841.580000000004,910.8899999999999,-14752.470000000003,-1619.5665777426477,Tuesday,2024-02
2024-02-14,15,6,3,-4049.7400000000002,1095.0,5144.74,326.15,-0.6094987634875272,1.1704666666666665,425.93333333333334,12,20.0,-17891.320000000003,910.8899999999999,-18802.210000000003,-2064.1581310586357,Wednesday,2024-02
2024-02-15,30,6,5,-1914.1999999999998,2316.99,4231.19,478.81,-0.41988318548455866,1.1601,337.6666666666667,25,16.666666666666664,-19805.520000000004,910.8899999999999,-20716.410000000003,-2274.3042518855195,Thursday,2024-02
2024-02-16,29,8,11,-1602.02,7191.9400000000005,8793.96,713.77,0.1495230173320491,1.415310344827586,425.2758620689655,18,37.93103448275862,-21407.540000000005,910.8899999999999,-22318.430000000004,-2450.1783969524317,Friday,2024-02
2024-02-18,3,1,0,-1114.85,0.0,1114.85,39.24,-0.7809426293060193,1.027,230.0,3,0.0,-22522.390000000003,910.8899999999999,-23433.280000000002,-2572.569684594189,Sunday,2024-02
2024-02-19,16,7,9,2519.8500000000004,8010.2300000000005,5490.38,442.43,0.6255905620333011,1.787375,221.375,7,56.25,-20002.54,910.8899999999999,-20913.43,-2295.9336473119697,Monday,2024-02
2024-02-20,27,7,5,-4440.75,2132.93,6573.68,458.56,-0.483332224782125,1.4741481481481482,400.14814814814815,22,18.51851851851852,-24443.29,910.8899999999999,-25354.18,-2783.451349778788,Tuesday,2024-02
2024-02-21,16,4,6,521.3999999999999,3627.47,3106.07,227.9,-0.07872993162241104,1.3613125,150.3125,10,37.5,-23921.89,910.8899999999999,-24832.78,-2726.210629164883,Wednesday,2024-02
2024-02-22,29,8,9,-2937.84,6486.99,9424.83,498.85,-0.14684619943585742,1.9311034482758622,288.6551724137931,20,31.03448275862069,-26859.73,910.8899999999999,-27770.62,-3048.7347539219886,Thursday,2024-02
2024-02-23,16,5,6,-651.3500000000001,5294.5,5945.85,449.26,0.00857673564016559,1.1381875,77.875,10,37.5,-27511.079999999998,910.8899999999999,-28421.969999999998,-3120.241741593387,Friday,2024-02
2024-02-24,3,1,0,-696.61,0.0,696.61,15.34,-1.1721818852937664,2.655666666666667,163.33333333333334,3,0.0,-28207.69,910.8899999999999,-29118.579999999998,-3196.7174960752673,Saturday,2024-02
2024-02-25,5,1,1,-412.75,46.09,458.84,41.98,-0.7605698035061866,1.3904,38.4,4,20.0,-28620.44,910.8899999999999,-29531.329999999998,-3242.030321992777,Sunday,2024-02
2024-02-26,23,8,9,-2560.26,3480.25,6040.51,543.23,-0.10374355789073904,1.1014347826086957,155.69565217391303,14,39.130434782608695,-31180.699999999997,910.8899999999999,-32091.589999999997,-3523.102679796683,Monday,2024-02
2024-02-27,22,7,12,1681.9,4596.11,2914.21,341.25,0.4627740667457129,1.9120454545454544,143.0909090909091,10,54.54545454545454,-29498.799999999996,910.8899999999999,-30409.689999999995,-3338.459089461955,Tuesday,2024-02
2024-02-28,13,7,7,-289.39,2017.31,2306.7,168.34,0.29096179351836204,1.2698461538461538,108.61538461538461,6,53.84615384615385,-29788.189999999995,910.8899999999999,-30699.079999999994,-3370.2291165782917,Wednesday,2024-02
2024-02-29,12,5,5,1666.5100000000002,2891.98,1225.47,163.01,0.25954171699034306,1.1690833333333333,169.33333333333334,7,41.66666666666667,-28121.679999999993,910.8899999999999,-29032.569999999992,-3187.2750826115116,Thursday,2024-02
2024-03-01,10,4,1,-3068.23,73.46,3141.69,147.4,-0.7527893420698313,1.4881,553.0,9,10.0,-31189.909999999993,910.8899999999999,-32100.799999999992,-3524.113778831692,Friday,2024-03
2024-03-02,2,1,1,-118.69000000000005,741.53,860.22,281.03,-0.3449389529592272,1.02,37.5,1,50.0,-31308.59999999999,910.8899999999999,-32219.48999999999,-3537.1438922372618,Saturday,2024-03
2024-03-03,1,1,0,-226.24,0.0,226.24,13.12,-1.2418657695544169,2.203,58.0,1,0.0,-31534.839999999993,910.8899999999999,-32445.729999999992,-3561.981139325275,Sunday,2024-03
2024-03-04,25,7,7,-3241.04,4326.1,7567.139999999999,382.15,-0.29188231165782524,1.8108000000000002,306.84,18,28.000000000000004,-34775.87999999999,910.8899999999999,-35686.76999999999,-3917.7913908375317,Monday,2024-03
2024-03-05,12,5,5,470.18999999999994,3748.99,3278.8,218.58,-0.04951244866814528,1.4960833333333332,235.5,7,41.66666666666667,-34305.68999999999,910.8899999999999,-35216.57999999999,-3866.1726443368566,Tuesday,2024-03
2024-03-06,18,7,7,4108.4,7088.4,2980.0,294.51,0.19385264346068046,1.7122777777777776,379.94444444444446,11,38.88888888888889,-30197.289999999986,910.8899999999999,-31108.179999999986,-3415.1412354949543,Wednesday,2024-03
2024-03-07,27,9,10,134.4000000000002,4219.45,4085.05,319.88,-0.024308412583675425,1.2355925925925926,94.66666666666667,17,37.03703703703704,-30062.889999999985,910.8899999999999,-30973.779999999984,-3400.38643524465,Thursday,2024-03
2024-03-08,15,4,3,-2278.5,2549.62,4828.12,363.33,-0.469418618735448,1.5122,119.93333333333334,12,20.0,-32341.389999999985,910.8899999999999,-33252.279999999984,-3650.5264082380954,Friday,2024-03
2024-03-10,16,3,4,-2353.01,1332.18,3685.19,195.1,-0.29181294895181525,2.1694375,165.4375,12,25.0,-34694.39999999999,910.8899999999999,-35605.289999999986,-3908.846293185784,Sunday,2024-03
2024-03-11,31,10,10,-1952.3000000000002,6081.32,8033.62,587.43,-0.07738264658974421,1.939483870967742,234.3548387096774,21,32.25806451612903,-36646.69999999999,910.8899999999999,-37557.58999999999,-4123.175136405054,Monday,2024-03
2024-03-12,20,6,8,981.8199999999999,4648.25,3666.4300000000003,317.19,0.040964362364698505,1.5358,181.9,12,40.0,-35664.87999999999,910.8899999999999,-36575.76999999999,-4015.3882466598598,Tuesday,2024-03
2024-03-13,24,7,7,-1377.31,3407.5,4784.8099999999995,324.68,-0.16060512467917862,1.4332500000000001,220.54166666666666,17,29.166666666666668,-37042.18999999999,910.8899999999999,-37953.07999999999,-4166.593112230894,Wednesday,2024-03
2024-03-14,14,4,2,-575.1100000000001,2222.1299999999997,2797.24,161.24,-0.545150617835089,1.3504285714285713,172.71428571428572,12,14.285714285714285,-37617.29999999999,910.8899999999999,-38528.18999999999,-4229.730263807923,Thursday,2024-03
2024-03-15,6,3,5,3573.48,3656.7,83.22,74.93,1.6756452588845965,0.9465,291.3333333333333,1,83.33333333333334,-34043.819999999985,910.8899999999999,-34954.709999999985,-3837.423838224153,Friday,2024-03
2024-03-16,6,2,3,-190.12000000000003,1060.22,1250.3400000000001,63.48,0.802534100430305,1.8596666666666666,289.0,3,50.0,-34233.93999999999,910.8899999999999,-35144.82999999999,-3858.295732744897,Saturday,2024-03
2024-03-18,23,7,6,153.11000000000007,5481.72,5328.61,401.03000000000003,-0.17417582058815476,1.6084347826086955,598.8260869565217,17,26.08695652173913,-34080.82999999999,910.8899999999999,-34991.71999999999,-3841.486897429985,Monday,2024-03
2024-03-19,18,6,6,-729.0700000000002,2526.6,3255.67,256.2,0.04183494323013989,1.0957777777777777,340.3888888888889,12,33.33333333333333,-34809.89999999999,910.8899999999999,-35720.789999999986,-3921.52619965089,Tuesday,2024-03
2024-03-20,23,6,6,-1650.75,3278.31,4929.06,337.34999999999997,-0.174050174687253,1.2522608695652173,368.2608695652174,17,26.08695652173913,-36460.64999999999,910.8899999999999,-37371.539999999986,-4102.750057635937,Wednesday,2024-03
2024-03-21,45,10,16,-584.69,12358.26,12942.95,919.04,-0.012534771243981524,1.8585777777777777,182.3111111111111,29,35.55555555555556,-37045.33999999999,910.8899999999999,-37956.22999999999,-4166.938927861761,Thursday,2024-03
2024-03-22,15,6,2,-4131.15,849.77,4980.92,303.5,-0.6455721387577416,1.8485333333333331,157.8,13,13.333333333333334,-41176.48999999999,910.8899999999999,-42087.37999999999,-4620.467894037699,Friday,2024-03
2024-03-23,9,2,2,-1338.5,563.19,1901.69,151.99,-0.38458504259597615,1.4001111111111113,486.8888888888889,7,22.22222222222222,-42514.98999999999,910.8899999999999,-43425.87999999999,-4767.412091470978,Saturday,2024-03
2024-03-24,2,1,1,172.67000000000002,545.63,372.96,13.41,0.6131865730135921,1.494,85.0,1,50.0,-42342.31999999999,910.8899999999999,-43253.20999999999,-4748.455905762496,Sunday,2024-03
2024-03-25,33,10,11,-881.3100000000001,6819.98,7701.29,665.4300000000001,-0.03312717515484538,1.3925151515151517,254.24242424242425,22,33.33333333333333,-43223.62999999999,910.8899999999999,-44134.51999999999,-4845.208532314549,Monday,2024-03
2024-03-26,23,8,9,5068.5599999999995,9110.050000000001,4041.49,439.32,0.1286924381386593,1.4689565217391305,159.91304347826087,14,39.130434782608695,-38155.06999999999,910.8899999999999,-39065.95999999999,-4288.768127874935,Tuesday,2024-03
2024-03-27,23,6,7,-2557.63,2707.12,5264.75,381.86,-0.21505544329982879,1.8508260869565218,254.52173913043478,16,30.434782608695656,-40712.69999999999,910.8899999999999,-41623.58999999999,-4569.5517570727525,Wednesday,2024-03
2024-03-28,9,4,5,-458.1,964.3,1422.4,207.02,0.29597360313089893,1.378111111111111,352.44444444444446,4,55.55555555555556,-41170.79999999999,910.8899999999999,-42081.68999999999,-4619.84323024734,Thursday,2024-03
2024-03-29,31,9,6,-8229.14,2378.26,10607.4,602.65,-0.3964573598293913,1.7840967741935483,319.741935483871,25,19.35483870967742,-49399.93999999999,910.8899999999999,-50310.82999999999,-5523.2607669422205,Friday,2024-03
2024-03-30,6,2,1,-3237.27,162.64,3399.91,190.07,-0.6439060261857796,1.611,447.5,5,16.666666666666664,-52637.209999999985,910.8899999999999,-53548.099999999984,-5878.657137524837,Saturday,2024-03
2024-03-31,9,3,2,-3108.95,1477.24,4586.19,422.5,-0.42536358392081297,1.2465555555555556,116.22222222222223,7,22.22222222222222,-55746.15999999998,910.8899999999999,-56657.04999999998,-6219.966186916092,Sunday,2024-03
2024-04-01,24,7,4,-2309.05,2701.33,5010.38,396.66,-0.4211451051176894,1.4764166666666665,460.4166666666667,20,16.666666666666664,-58055.209999999985,910.8899999999999,-58966.099999999984,-6473.460022615243,Monday,2024-04
2024-04-02,27,8,4,-3525.9700000000003,2665.42,6191.39,620.98,-0.6176002577787286,1.563037037037037,195.59259259259258,23,14.814814814814813,-61581.179999999986,910.8899999999999,-62492.069999999985,-6860.550670223627,Tuesday,2024-04
2024-04-03,22,8,12,7209.6,10072.82,2863.2200000000003,444.46,0.6109844930234734,1.407,616.0454545454545,10,54.54545454545454,-54371.57999999999,910.8899999999999,-55282.46999999999,-6069.061028225142,Wednesday,2024-04
2024-04-04,25,7,7,-837.9499999999999,4696.11,5534.0599999999995,558.52,-0.230930140939807,2.0131200000000002,121.28,18,28.000000000000004,-55209.529999999984,910.8899999999999,-56120.419999999984,-6161.053475172633,Thursday,2024-04
2024-04-05,16,7,7,1240.65,4600.66,3360.0099999999998,238.1,0.40077168271501884,1.1724999999999999,253.875,9,43.75,-53968.87999999998,910.8899999999999,-54879.76999999998,-6024.851518844206,Friday,2024-04
2024-04-06,5,2,2,-441.28,588.0699999999999,1029.35,80.96000000000001,0.14198677458737158,1.4529999999999998,129.6,3,40.0,-54410.15999999998,910.8899999999999,-55321.04999999998,-6073.296446332706,Saturday,2024-04
2024-04-07,14,4,3,-648.84,2016.1799999999998,2665.02,380.14,-0.5005211464539288,1.5925714285714285,527.8571428571429,11,21.428571428571427,-55058.99999999998,910.8899999999999,-55969.88999999998,-6144.527879326811,Sunday,2024-04
2024-04-08,25,8,8,-1671.98,3667.49,5339.47,431.74,-0.07988942198659205,1.7522399999999998,175.36,17,32.0,-56730.97999999998,910.8899999999999,-57641.86999999998,-6328.082424881159,Monday,2024-04
2024-04-09,28,9,11,4084.32,9479.62,5395.3,677.6700000000001,0.26853046962778726,1.403,393.10714285714283,17,39.285714285714285,-52646.65999999998,910.8899999999999,-53557.54999999998,-5879.694584417437,Tuesday,2024-04
2024-04-10,36,7,12,2376.3600000000006,8469.36,6093.0,744.01,-0.088027498911841,1.7630277777777779,302.6388888888889,24,33.33333333333333,-50270.29999999998,910.8899999999999,-51181.18999999998,-5618.811272491737,Wednesday,2024-04
2024-04-11,18,6,6,6781.030000000001,9693.98,2912.9500000000003,236.75,0.2507831094910502,1.6547222222222222,275.3333333333333,12,33.33333333333333,-43489.26999999998,910.8899999999999,-44400.15999999998,-4874.371219356891,Thursday,2024-04
2024-04-12,5,2,1,158.08000000000004,535.63,377.54999999999995,57.56,-0.2490822192784356,2.2988,219.0,4,20.0,-43331.18999999998,910.8899999999999,-44242.07999999998,-4857.01676382439,Friday,2024-04
2024-04-13,3,2,1,102.87000000000003,753.08,650.21,104.09,-0.2827426202475127,2.071,76.33333333333333,2,33.33333333333333,-43228.31999999998,910.8899999999999,-44139.20999999998,-4845.723413364949,Saturday,2024-04
2024-04-14,7,1,1,-539.1,25.38,564.48,81.81,-0.7925283292497658,2.0477142857142856,27.714285714285715,6,14.285714285714285,-43767.41999999998,910.8899999999999,-44678.309999999976,-4904.9072884761035,Sunday,2024-04
2024-04-15,9,5,3,289.07000000000005,1560.75,1271.68,128.11,0.2904439304680613,1.6360000000000001,218.11111111111111,6,33.33333333333333,-43478.34999999998,910.8899999999999,-44389.239999999976,-4873.172391836553,Monday,2024-04
2024-04-16,22,7,13,4140.45,7685.29,3544.84,444.88,0.6803115543859684,1.8468636363636364,209.54545454545453,9,59.09090909090909,-39337.89999999998,910.8899999999999,-40248.78999999998,-4418.62244617901,Tuesday,2024-04
2024-04-17,11,4,5,1641.79,3715.06,2073.27,145.53,0.3776512531579394,1.354818181818182,356.6363636363636,6,45.45454545454545,-37696.10999999998,910.8899999999999,-38606.99999999998,-4238.382241543983,Wednesday,2024-04
2024-04-18,16,6,8,4512.49,7689.76,3177.27,300.92,0.5498194350067965,1.2144375,124.875,8,50.0,-33183.61999999998,910.8899999999999,-34094.50999999998,-3742.988725312605,Thursday,2024-04
2024-04-19,6,4,2,-875.28,1015.5799999999999,1890.86,113.92,0.04771125492383158,1.3436666666666666,101.66666666666667,4,33.33333333333333,-34058.89999999998,910.8899999999999,-34969.78999999998,-3839.0793619427136,Friday,2024-04
2024-04-20,10,5,3,-1994.2200000000003,390.46999999999997,2384.69,149.72,-0.3755120793657798,0.9947000000000001,105.2,7,30.0,-36053.11999999998,910.8899999999999,-36964.00999999998,-4058.0102976210064,Saturday,2024-04
2024-04-21,2,1,0,-668.33,0.0,668.33,59.72,-1.083586796311951,1.3615,14.0,2,0.0,-36721.44999999998,910.8899999999999,-37632.33999999998,-4131.381396216885,Sunday,2024-04
2024-04-22,8,4,5,3069.7,3954.47,884.77,226.46,0.4802512594276399,1.3835,104.125,3,62.5,-33651.749999999985,910.8899999999999,-34562.639999999985,-3794.381319368968,Monday,2024-04
2024-04-23,12,4,4,294.8899999999999,1757.28,1462.39,249.42,-0.07397097205094748,1.43775,265.0833333333333,8,33.33333333333333,-33356.859999999986,910.8899999999999,-34267.749999999985,-3762.007487182864,Tuesday,2024-04
2024-04-24,20,8,12,7264.77,9642.48,2377.71,280.2,1.1895456994699674,1.6153,343.55,8,60.0,-26092.089999999986,910.8899999999999,-27002.979999999985,-2964.461131420917,Wednesday,2024-04
2024-04-25,8,3,3,-258.16,823.55,1081.71,85.37,0.25819642583369384,1.4945,176.375,5,37.5,-26350.249999999985,910.8899999999999,-27261.139999999985,-2992.802643568377,Thursday,2024-04
2024-04-26,33,10,10,1025.63,10474.15,9448.52,654.99,-0.13212878647505535,1.318121212121212,293.030303030303,23,30.303030303030305,-25324.619999999984,910.8899999999999,-26235.509999999984,-2880.206171985639,Friday,2024-04
2024-04-27,5,3,2,2226.0,3137.71,911.71,43.879999999999995,0.28174817088544946,1.2486,345.4,3,40.0,-23098.619999999984,910.8899999999999,-24009.509999999984,-2635.8297928399684,Saturday,2024-04
2024-04-28,6,2,1,-729.62,123.67,853.29,20.87,-0.562762292278755,1.8388333333333333,1625.8333333333333,5,16.666666666666664,-23828.239999999983,910.8899999999999,-24739.129999999983,-2715.9294755678497,Sunday,2024-04
2024-04-29,27,7,12,4801.580000000001,10299.82,5498.24,363.79,0.2568520021185067,1.323814814814815,155.92592592592592,15,44.44444444444444,-19026.65999999998,910.8899999999999,-19937.54999999998,-2188.798867042122,Monday,2024-04
2024-04-30,16,6,7,1690.2000000000003,5772.01,4081.81,236.75,0.18796395159299797,1.591625,162.4375,9,43.75,-17336.45999999998,910.8899999999999,-18247.34999999998,-2003.2440799657459,Tuesday,2024-04
2024-05-01,19,6,9,754.8,4443.860000000001,3689.06,315.9,0.496399331534781,1.6296315789473685,272.4736842105263,10,47.368421052631575,-16581.65999999998,910.8899999999999,-17492.54999999998,-1920.3800678457317,Wednesday,2024-05
2024-05-02,21,7,7,-1848.86,2365.77,4214.63,265.08,-0.0984771926629157,1.7614285714285716,141.0,14,33.33333333333333,-18430.519999999982,910.8899999999999,-19341.40999999998,-2123.352984443784,Thursday,2024-05
2024-05-03,22,8,7,-1378.8899999999999,3102.93,4481.82,332.85,-0.004323847059047496,1.4568636363636365,88.63636363636364,15,31.818181818181817,-19809.40999999998,910.8899999999999,-20720.29999999998,-2274.7313067439522,Friday,2024-05
2024-05-04,6,2,4,1202.37,1679.9899999999998,477.62,72.45,0.611103842206273,1.3328333333333333,69.66666666666667,2,66.66666666666666,-18607.039999999983,910.8899999999999,-19517.929999999982,-2142.731833701104,Saturday,2024-05
2024-05-06,30,7,11,2992.2200000000003,7163.8,4171.58,326.28,0.21782597633142048,1.5814,364.06666666666666,19,36.666666666666664,-15614.819999999982,910.8899999999999,-16525.70999999998,-1814.2377235451027,Monday,2024-05
2024-05-07,15,5,6,1265.56,3703.75,2438.19,173.23000000000002,0.2518049291833994,2.1596666666666664,107.06666666666666,9,40.0,-14349.259999999982,910.8899999999999,-15260.149999999981,-1675.301079164332,Tuesday,2024-05
2024-05-08,20,8,11,5605.18,8269.01,2663.83,428.3,0.4101472448678873,1.1709,230.95,9,55.00000000000001,-8744.079999999982,910.8899999999999,-9654.969999999981,-1059.9490608086578,Wednesday,2024-05
2024-05-09,10,5,3,-1532.15,316.76,1848.91,154.61,-0.37092967638099494,1.9419,58.3,7,30.0,-10276.229999999981,910.8899999999999,-11187.11999999998,-1228.152685834731,Thursday,2024-05
2024-05-10,13,6,2,-827.4099999999999,2953.94,3781.35,369.86,-0.4863537293600214,0.9806923076923078,92.61538461538461,11,15.384615384615385,-11103.639999999981,910.8899999999999,-12014.52999999998,-1318.9880227030687,Friday,2024-05
2024-05-11,6,2,3,235.49999999999994,3003.54,2768.04,203.51,0.00787326078776159,1.0736666666666668,17.5,3,50.0,-10868.139999999981,910.8899999999999,-11779.02999999998,-1293.1341874430484,Saturday,2024-05
2024-05-12,7,2,0,-1361.44,0.0,1361.44,91.67,-1.0326996601903107,1.1947142857142856,234.42857142857142,7,0.0,-12229.579999999982,910.8899999999999,-13140.469999999981,-1442.5968009309556,Sunday,2024-05
2024-05-13,26,8,7,-4938.79,3035.2,7973.99,526.65,-0.43958130971419224,1.4511538461538462,207.26923076923077,19,26.923076923076923,-17168.36999999998,910.8899999999999,-18079.25999999998,-1984.790699206269,Monday,2024-05
2024-05-14,13,3,4,993.85,3290.76,2296.91,178.52,0.12439904408063253,1.136923076923077,156.6153846153846,9,30.76923076923077,-16174.51999999998,910.8899999999999,-17085.40999999998,-1875.6831230993846,Tuesday,2024-05
2024-05-15,13,4,4,-1081.01,2378.27,3459.2799999999997,256.34000000000003,-0.07796965433222845,1.529076923076923,76.61538461538461,9,30.76923076923077,-17255.52999999998,910.8899999999999,-18166.41999999998,-1994.3593628209755,Wednesday,2024-05
2024-05-16,9,4,4,-42.12000000000005,2066.7999999999997,2108.92,193.52,0.2849878524530347,1.3547777777777776,243.22222222222223,5,44.44444444444444,-17297.64999999998,910.8899999999999,-18208.53999999998,-1998.9834118279905,Thursday,2024-05
2024-05-17,31,9,4,-5971.75,2640.5499999999997,8612.3,431.59000000000003,-0.603518467493789,1.6280645161290321,234.51612903225808,27,12.903225806451612,-23269.39999999998,910.8899999999999,-24180.28999999998,-2654.578489169931,Friday,2024-05
2024-05-18,5,2,3,881.02,1107.9,226.88,39.81,0.6597200093351232,1.8634,167.8,2,60.0,-22388.37999999998,910.8899999999999,-23299.26999999998,-2557.857699612465,Saturday,2024-05
2024-05-19,3,1,1,248.93,298.61,49.68,4.05,0.2033360414681661,1.3046666666666666,55.666666666666664,2,33.33333333333333,-22139.44999999998,910.8899999999999,-23050.33999999998,-2530.5294821548136,Sunday,2024-05
2024-05-20,30,7,7,1418.2899999999995,6980.139999999999,5561.85,263.46,-0.2573534472406507,1.5807,233.86666666666667,23,23.333333333333332,-20721.159999999978,910.8899999999999,-21632.049999999977,-2374.825719900315,Monday,2024-05
2024-05-21,14,4,3,60.819999999999794,3614.5,3553.68,214.43,-0.3015413037690954,1.4546428571428573,168.35714285714286,11,21.428571428571427,-20660.33999999998,910.8899999999999,-21571.229999999978,-2368.148733656092,Tuesday,2024-05
2024-05-22,14,5,6,518.01,2232.08,1714.07,134.02,0.31596658925161697,1.7594285714285716,80.42857142857143,8,42.857142857142854,-20142.32999999998,910.8899999999999,-21053.21999999998,-2311.280176530644,Wednesday,2024-05
2024-05-23,29,9,3,-5824.09,1766.3,7590.39,607.51,-0.5784410066960475,1.7570689655172413,244.24137931034483,26,10.344827586206897,-25966.41999999998,910.8899999999999,-26877.30999999998,-2950.6647344904413,Thursday,2024-05
2024-05-24,16,6,6,1784.8400000000001,2918.73,1133.89,112.07,0.3167015812976077,1.825125,154.9375,10,37.5,-24181.57999999998,910.8899999999999,-25092.46999999998,-2754.720108904476,Friday,2024-05
2024-05-27,16,6,3,-2725.4100000000003,3154.04,5879.45,264.02,-0.25209068531113,1.7678125,333.625,13,18.75,-26906.98999999998,910.8899999999999,-27817.87999999998,-3053.9230862123836,Monday,2024-05
2024-05-28,25,8,9,-1155.2099999999998,5038.26,6193.47,578.89,-0.014129382693244104,1.3624,224.36,16,36.0,-28062.19999999998,910.8899999999999,-28973.08999999998,-3180.7452052388303,Tuesday,2024-05
2024-05-29,29,7,11,4004.33,10808.74,6804.41,532.47,0.14490503096797833,1.8457931034482757,332.8965517241379,18,37.93103448275862,-24057.86999999998,910.8899999999999,-24968.75999999998,-2741.1388861443183,Wednesday,2024-05
2024-05-30,31,8,12,1793.7200000000003,7940.15,6146.43,662.95,-0.08208799963433623,1.5707741935483872,307.7741935483871,19,38.70967741935484,-22264.14999999998,910.8899999999999,-23175.03999999998,-2544.219389827529,Thursday,2024-05
2024-05-31,9,4,4,645.5799999999999,2978.86,2333.28,416.65999999999997,0.33240610302155343,1.2356666666666667,100.0,5,44.44444444444444,-21618.569999999978,910.8899999999999,-22529.459999999977,-2473.3458485656865,Friday,2024-05
2024-06-01,4,1,0,-1741.06,0.0,1741.06,75.25999999999999,-0.9066926752763772,1.88725,193.25,4,0.0,-23359.62999999998,910.8899999999999,-24270.51999999998,-2664.4841857963074,Saturday,2024-06
2024-06-02,3,1,1,-169.23,96.5,265.73,18.51,-0.43982950955915373,3.0063333333333335,255.33333333333334,2,33.33333333333333,-23528.85999999998,910.8899999999999,-24439.749999999978,-2683.062718879336,Sunday,2024-06
2024-06-03,28,7,10,-291.3900000000003,6974.02,7265.41,740.18,-0.10032800901829995,1.3774642857142858,123.92857142857143,18,35.714285714285715,-23820.249999999978,910.8899999999999,-24731.139999999978,-2715.052311475588,Monday,2024-06
2024-06-04,15,6,5,-53.19999999999996,2185.3,2238.5,201.17999999999998,0.15902949046088224,1.2917999999999998,187.93333333333334,10,33.33333333333333,-23873.44999999998,910.8899999999999,-24784.33999999998,-2720.8927532413336,Tuesday,2024-06
2024-06-05,16,5,8,5610.15,9321.109999999999,3710.96,257.75,0.6659278871261227,1.3816249999999999,308.5625,8,50.0,-18263.29999999998,910.8899999999999,-19174.18999999998,-2104.99511466807,Wednesday,2024-06
2024-06-06,22,5,4,-936.1700000000001,3167.48,4103.65,233.91,-0.3035699395970099,1.5950000000000002,287.8636363636364,18,18.181818181818183,-19199.46999999998,910.8899999999999,-20110.35999999998,-2207.7704223341984,Thursday,2024-06
2024-06-07,21,7,7,559.8900000000001,3765.33,3205.44,383.39,-0.12658925901218637,1.244904761904762,170.52380952380952,14,33.33333333333333,-18639.57999999998,910.8899999999999,-19550.46999999998,-2146.3041640593246,Friday,2024-06
2024-06-08,3,1,0,-1952.91,0.0,1952.91,185.75,-0.970483379180341,1.1833333333333333,14.0,3,0.0,-20592.48999999998,910.8899999999999,-21503.37999999998,-2360.6999747499676,Saturday,2024-06
2024-06-09,9,1,2,-311.95,589.97,901.92,46.72,-0.31434182265989985,1.4433333333333334,142.77777777777777,7,22.22222222222222,-20904.43999999998,910.8899999999999,-21815.32999999998,-2394.946700479749,Sunday,2024-06
2024-06-10,22,7,7,802.8100000000003,4691.26,3888.45,347.0,-0.11609613271590385,1.1480454545454546,118.22727272727273,15,31.818181818181817,-20101.62999999998,910.8899999999999,-21012.51999999998,-2306.8120190143686,Monday,2024-06
2024-06-11,22,7,9,2848.2300000000005,10621.5,7773.2699999999995,664.51,0.33525132490938686,1.2822727272727272,414.40909090909093,13,40.909090909090914,-17253.39999999998,910.8899999999999,-18164.28999999998,-1994.1255255848655,Tuesday,2024-06
2024-06-12,15,6,6,-1036.18,922.36,1958.54,170.84,0.42083580715380203,1.7293999999999998,229.26666666666668,9,40.0,-18289.57999999998,910.8899999999999,-19200.46999999998,-2107.880205074156,Wednesday,2024-06
2024-06-13,20,7,8,8022.780000000001,11309.47,3286.69,271.15,0.36258899046951243,1.1765,200.6,12,40.0,-10266.79999999998,910.8899999999999,-11177.689999999979,-1227.1174345969305,Thursday,2024-06
2024-06-14,15,5,6,633.71,2692.2,2058.49,101.48,0.24836317467475366,1.4448,200.46666666666667,9,40.0,-9633.089999999978,910.8899999999999,-10543.979999999978,-1157.5470144583846,Friday,2024-06
2024-06-15,4,1,1,-1246.4299999999998,236.9,1483.33,95.35000000000001,-0.6041697473559888,1.087,19.0,3,25.0,-10879.519999999979,910.8899999999999,-11790.409999999978,-1294.3835150237658,Saturday,2024-06
2024-06-16,7,1,3,167.87,735.89,568.02,52.95,0.3192372959971866,1.643,390.57142857142856,4,42.857142857142854,-10711.649999999978,910.8899999999999,-11622.539999999977,-1275.9542864670793,Sunday,2024-06
2024-06-17,28,9,11,998.7799999999997,6497.76,5498.9800000000005,482.88,-0.004367803877885399,1.6094642857142856,304.10714285714283,17,39.285714285714285,-9712.869999999977,910.8899999999999,-10623.759999999977,-1166.3054814522036,Monday,2024-06
2024-06-18,19,8,3,-5400.13,478.78,5878.91,241.26,-0.6687404644315985,1.2382105263157894,233.68421052631578,16,15.789473684210526,-15112.999999999978,910.8899999999999,-16023.889999999978,-1759.1465489795673,Tuesday,2024-06
2024-06-19,20,6,5,3019.81,8804.11,5784.3,411.97999999999996,-0.14747458542132996,1.1646,283.85,15,25.0,-12093.189999999979,910.8899999999999,-13004.079999999978,-1427.623533028135,Wednesday,2024-06
2024-06-20,31,7,7,-4368.76,6824.01,11192.77,606.84,-0.26837384357620936,1.3956451612903227,339.8709677419355,24,22.58064516129032,-16461.94999999998,910.8899999999999,-17372.83999999998,-1907.2379760454041,Thursday,2024-06
2024-06-21,25,8,10,519.1999999999999,5029.7300000000005,4510.53,344.84,0.16191217546513215,1.65736,161.84,15,40.0,-15942.749999999978,910.8899999999999,-16853.639999999978,-1850.2387774594056,Friday,2024-06
2024-06-22,5,2,3,-130.16000000000008,1092.78,1222.94,109.47,0.08936950293163823,1.1283999999999998,76.8,2,60.0,-16072.909999999978,910.8899999999999,-16983.799999999977,-1864.5280988922898,Saturday,2024-06
2024-06-23,1,1,0,-298.94,0.0,298.94,5.31,-1.0180703959162545,0.708,2009.0,1,0.0,-16371.849999999979,910.8899999999999,-17282.73999999998,-1897.3465511752224,Sunday,2024-06
2024-06-24,10,4,3,-1868.72,910.89,2779.61,145.9,-0.11460623887713024,1.45,739.7,7,30.0,-18240.569999999978,910.8899999999999,-19151.459999999977,-2102.499752988833,Monday,2024-06
2024-06-25,7,4,3,3129.3699999999994,4972.169999999999,1842.8000000000002,114.72,0.18392150445752314,0.9842857142857142,541.2857142857143,4,42.857142857142854,-15111.199999999979,910.8899999999999,-16022.089999999978,-1758.9489400476434,Tuesday,2024-06
2024-06-26,15,6,3,-2410.0099999999998,1069.0,3479.01,219.88,-0.14964548068871236,1.1085333333333334,333.93333333333334,12,20.0,-17521.209999999977,910.8899999999999,-18432.099999999977,-2023.5264411729165,Wednesday,2024-06
2024-06-27,31,6,16,6944.7,9902.5,2957.8,263.48,0.4848043367597528,1.6044193548387098,248.96774193548387,15,51.61290322580645,-10576.509999999977,910.8899999999999,-11487.399999999976,-1261.118246989206,Thursday,2024-06
2024-06-28,12,5,3,301.3299999999999,1923.99,1622.66,125.28999999999999,-0.04062474854909456,1.3105,680.0,9,25.0,-10275.179999999977,910.8899999999999,-11186.069999999976,-1228.037413957775,Friday,2024-06
2024-06-29,10,2,3,-3819.26,974.8,4794.0599999999995,290.13,-0.4840227014390372,0.8899000000000001,56.8,7,30.0,-14094.439999999977,910.8899999999999,-15005.329999999976,-1647.3262413683296,Saturday,2024-06
2024-06-30,8,2,2,-368.19999999999993,332.3,700.5,32.02,-0.20186090864057263,2.24625,64.25,6,25.0,-14462.639999999978,910.8899999999999,-15373.529999999977,-1687.7482462207267,Sunday,2024-06
2024-07-01,22,8,6,-3587.87,2125.24,5713.11,684.77,-0.4012811276019118,1.373909090909091,90.27272727272727,16,27.27272727272727,-18050.509999999977,910.8899999999999,-18961.399999999976,-2081.6344454324867,Monday,2024-07
2024-07-02,12,7,5,-1227.17,1353.22,2580.3900000000003,176.54000000000002,0.24099077459568316,1.5375833333333333,230.75,7,41.66666666666667,-19277.67999999998,910.8899999999999,-20188.569999999978,-2216.3565304262843,Tuesday,2024-07
2024-07-03,20,7,7,34.299999999999955,5085.66,5051.36,566.72,-0.042218781529725136,1.55225,114.7,13,35.0,-19243.37999999998,910.8899999999999,-20154.26999999998,-2212.5909824457376,Wednesday,2024-07
2024-07-04,2,2,0,-1513.56,0.0,1513.56,23.5,-0.9419104709969471,1.2770000000000001,1065.0,2,0.0,-20756.93999999998,910.8899999999999,-21667.82999999998,-2378.753746335999,Thursday,2024-07
2024-07-05,21,6,7,-5221.72,888.6899999999999,6110.41,418.24,-0.2202387685430209,1.712761904761905,292.6190476190476,14,33.33333333333333,-25978.65999999998,910.8899999999999,-26889.54999999998,-2952.008475227523,Friday,2024-07
2024-07-06,5,1,2,537.2600000000001,2182.46,1645.1999999999998,166.0,0.19597106444366164,1.1161999999999999,89.6,3,40.0,-25441.399999999983,910.8899999999999,-26352.289999999983,-2893.0266003578904,Saturday,2024-07
2024-07-07,1,1,0,-345.3,0.0,345.3,9.49,-1.0282562042474177,1.957,25.0,1,0.0,-25786.699999999983,910.8899999999999,-26697.589999999982,-2930.9345804652576,Sunday,2024-07
2024-07-08,13,6,9,3387.83,3884.37,496.54,100.69,0.737552695790716,1.8992307692307693,349.15384615384613,4,69.23076923076923,-22398.86999999998,910.8899999999999,-23309.75999999998,-2559.009320554621,Monday,2024-07
2024-07-09,28,11,11,-1819.7500000000002,4870.27,6690.02,373.88,-0.013278345190657894,1.367392857142857,215.96428571428572,17,39.285714285714285,-24218.61999999998,910.8899999999999,-25129.50999999998,-2758.786461592507,Tuesday,2024-07
2024-07-10,19,7,9,4978.79,9083.85,4105.06,436.77,0.1867572439585385,1.9122105263157896,362.6842105263158,10,47.368421052631575,-19239.82999999998,910.8899999999999,-20150.71999999998,-2212.2012537188884,Wednesday,2024-07
2024-07-11,22,5,4,-597.5900000000001,3217.27,3814.86,268.54,-0.4103381523114553,1.7766363636363636,357.5,18,18.181818181818183,-19837.41999999998,910.8899999999999,-20748.30999999998,-2277.8063212901648,Thursday,2024-07
2024-07-12,34,10,8,-3463.96,6409.96,9873.92,798.32,-0.28363246897783295,1.7269117647058825,285.3529411764706,26,23.52941176470588,-23301.37999999998,910.8899999999999,-24212.26999999998,-2658.0893411937755,Friday,2024-07
2024-07-13,2,1,0,-208.67000000000002,0.0,208.67000000000002,5.25,-1.1106220274055425,1.291,149.5,2,0.0,-23510.049999999977,910.8899999999999,-24420.939999999977,-2680.9977055407326,Saturday,2024-07
2024-07-14,8,2,2,-3283.33,488.83,3772.16,159.04,-0.3436166990851092,1.296875,293.25,6,25.0,-26793.379999999976,910.8899999999999,-27704.269999999975,-3041.4506691257975,Sunday,2024-07
2024-07-15,31,8,13,-2584.0999999999995,5555.49,8139.59,468.57,0.18272655618695516,1.4081935483870966,261.0,18,41.935483870967744,-29377.479999999974,910.8899999999999,-30288.369999999974,-3325.1402474502934,Monday,2024-07
2024-07-16,18,7,5,3394.9399999999996,5141.58,1746.64,90.35,0.04031934214143303,2.0092222222222222,299.55555555555554,13,27.77777777777778,-25982.539999999975,910.8899999999999,-26893.429999999975,-2952.434432258558,Tuesday,2024-07
2024-07-17,11,3,6,1693.83,3318.5099999999998,1624.6799999999998,100.57,0.6843284053425241,1.6613636363636362,751.0909090909091,5,54.54545454545454,-24288.709999999977,910.8899999999999,-25199.599999999977,-2766.481133836136,Wednesday,2024-07
2024-07-18,14,5,5,-891.6199999999997,2525.07,3416.69,171.08,-0.1416850462184621,1.6762142857142857,605.5714285714286,9,35.714285714285715,-25180.329999999976,910.8899999999999,-26091.219999999976,-2864.3656204371528,Thursday,2024-07
2024-07-19,16,7,3,1463.43,5631.72,4168.29,255.13,-0.3694423855743849,1.3855625,490.5,13,18.75,-23716.899999999976,910.8899999999999,-24627.789999999975,-2703.706265300967,Friday,2024-07
2024-07-20,12,3,4,1311.6200000000001,2542.14,1230.52,77.27,-0.01004802137008437,2.8320000000000003,800.6666666666666,8,33.33333333333333,-22405.279999999977,910.8899999999999,-23316.169999999976,-2559.7130279177486,Saturday,2024-07
2024-07-21,17,4,4,-932.96,614.87,1547.83,52.51,-0.24975712095597605,2.009941176470588,170.05882352941177,13,23.52941176470588,-23338.239999999976,910.8899999999999,-24249.129999999976,-2662.135932988613,Sunday,2024-07
2024-07-22,17,7,6,-4200.17,2778.77,6978.94,470.16,-0.22940208253832017,1.4986470588235294,150.52941176470588,11,35.294117647058826,-27538.409999999974,910.8899999999999,-28449.299999999974,-3123.242103876426,Monday,2024-07
2024-07-23,15,6,2,-4490.05,824.75,5314.8,198.38,-0.5224667070773586,1.6826,353.2,13,13.333333333333334,-32028.459999999974,910.8899999999999,-32939.34999999998,-3616.1720954231555,Tuesday,2024-07
2024-07-24,23,8,14,9186.0,11536.49,2350.49,618.73,0.9095785637376101,1.227304347826087,370.5217391304348,9,60.86956521739131,-22842.459999999974,910.8899999999999,-23753.349999999973,-2607.7078461724223,Wednesday,2024-07
2024-07-25,1,1,1,411.13,411.13,0.0,3.5,2.259357486065077,2.076,5.0,0,100.0,-22431.329999999973,910.8899999999999,-23342.219999999972,-2562.572868293644,Thursday,2024-07
2024-07-26,16,6,6,882.0999999999995,6122.83,5240.7300000000005,495.81,0.003931037460337586,0.989625,146.9375,10,37.5,-21549.229999999974,910.8899999999999,-22460.119999999974,-2465.7335133770243,Friday,2024-07
2024-07-27,5,2,0,-2642.13,0.0,2642.13,122.82,-0.8120074328942547,1.325,118.8,5,0.0,-24191.359999999975,910.8899999999999,-25102.249999999975,-2755.7937841012613,Saturday,2024-07
2024-07-29,34,10,6,-9737.49,2436.81,12174.3,1011.57,-0.49972999265252865,1.5391764705882354,392.11764705882354,28,17.647058823529413,-33928.84999999998,910.8899999999999,-34839.739999999976,-3824.8021166112244,Monday,2024-07
2024-07-30,10,6,1,-2160.0299999999997,918.24,3078.27,390.79,-0.7928372844860333,1.5541,702.8,9,10.0,-36088.879999999976,910.8899999999999,-36999.769999999975,-4061.9361284018905,Tuesday,2024-07
2024-07-31,17,7,4,-1988.5499999999997,1841.22,3829.77,226.06,-0.4721423140723995,1.237,117.70588235294117,13,23.52941176470588,-38077.42999999998,910.8899999999999,-38988.31999999998,-4280.244595944624,Wednesday,2024-07
2024-08-01,19,7,5,-3966.88,1880.77,5847.65,335.12,-0.13646256278139432,1.363263157894737,261.10526315789474,14,26.31578947368421,-42044.309999999976,910.8899999999999,-42955.199999999975,-4715.739551427722,Thursday,2024-08
2024-08-02,18,5,5,833.5200000000003,5311.150000000001,4477.63,433.46999999999997,-0.10319025135796576,1.4564444444444444,298.6666666666667,13,27.77777777777778,-41210.78999999998,910.8899999999999,-42121.67999999998,-4624.233442018244,Friday,2024-08
2024-08-03,7,2,6,4279.07,4601.28,322.21,112.58,1.2488020636120356,1.1575714285714285,124.57142857142857,1,85.71428571428571,-36931.71999999998,910.8899999999999,-37842.60999999998,-4154.465412947775,Saturday,2024-08
2024-08-05,18,6,6,-2110.21,2835.71,4945.92,563.86,0.01171624584658288,1.7901111111111112,247.16666666666666,12,33.33333333333333,-39041.92999999998,910.8899999999999,-39952.81999999998,-4386.130048633752,Monday,2024-08
2024-08-06,27,7,12,4959.27,9478.7,4519.43,517.59,0.12266153618946525,1.524925925925926,170.8148148148148,15,44.44444444444444,-34082.659999999974,910.8899999999999,-34993.549999999974,-3841.687799844106,Tuesday,2024-08
2024-08-07,24,8,11,3755.8199999999997,8716.45,4960.63,395.88,0.13604110637833042,1.7467083333333333,102.79166666666667,13,45.83333333333333,-30326.839999999975,910.8899999999999,-31237.729999999974,-3429.363589456463,Wednesday,2024-08
2024-08-08,20,6,5,-3188.19,3772.2999999999997,6960.49,345.88,-0.30673397137817077,1.50655,270.25,15,25.0,-33515.02999999998,910.8899999999999,-34425.91999999998,-3779.3718231619605,Thursday,2024-08
2024-08-09,20,6,6,2864.29,10090.8,7226.51,529.3,-0.09559012843952716,1.34245,88.25,14,30.0,-30650.739999999976,910.8899999999999,-31561.629999999976,-3464.922218928738,Friday,2024-08
2024-08-10,1,1,0,-1158.95,0.0,1158.95,21.08,-1.0185238662782121,0.865,15.0,1,0.0,-31809.689999999977,910.8899999999999,-32720.579999999976,-3592.154925402626,Saturday,2024-08
2024-08-11,14,5,5,-830.73,1635.35,2466.08,182.81,-0.14591712869893275,1.1829285714285713,105.07142857142857,9,35.714285714285715,-32640.419999999976,910.8899999999999,-33551.309999999976,-3683.354740967623,Sunday,2024-08
2024-08-12,20,6,7,-1662.5,3016.3399999999997,4678.84,229.57999999999998,0.13859471542707147,1.42265,234.45,13,35.0,-34302.91999999998,910.8899999999999,-35213.809999999976,-3865.8685461471728,Monday,2024-08
2024-08-13,15,5,6,197.15000000000003,3689.02,3491.87,370.1,0.3327560006533497,1.2862,383.73333333333335,9,40.0,-34105.769999999975,910.8899999999999,-35016.659999999974,-3844.224878964527,Tuesday,2024-08
2024-08-14,26,8,10,4207.4800000000005,13266.54,9059.06,1129.24,0.13981338795439235,1.2551153846153846,262.96153846153845,16,38.46153846153847,-29898.289999999975,910.8899999999999,-30809.179999999975,-3382.3161962476233,Wednesday,2024-08
2024-08-15,12,7,3,-2035.76,1454.53,3490.29,537.82,-0.4178010924596857,2.1390833333333332,70.66666666666667,9,25.0,-31934.049999999974,910.8899999999999,-32844.93999999997,-3605.8075069437555,Thursday,2024-08
2024-08-16,28,9,8,-3107.2499999999995,6657.52,9764.77,553.38,-0.17343024458687875,1.6377142857142857,173.71428571428572,20,28.57142857142857,-35041.299999999974,910.8899999999999,-35952.18999999997,-3946.9299256770823,Friday,2024-08
2024-08-17,4,1,1,47.829999999999984,638.89,591.06,44.13,-0.1501697769626278,1.97475,51.75,3,25.0,-34993.46999999997,910.8899999999999,-35904.35999999997,-3941.6790172249093,Saturday,2024-08
2024-08-18,10,4,6,1180.14,1948.47,768.3299999999999,69.97,0.859139728652254,1.6585999999999999,368.8,4,60.0,-33813.32999999997,910.8899999999999,-34724.21999999997,-3812.120014491319,Sunday,2024-08
2024-08-19,16,5,5,-837.3400000000001,2846.9399999999996,3684.2799999999997,298.86,-0.022957285750651243,1.8956875,97.9375,11,31.25,-34650.66999999997,910.8899999999999,-35561.55999999997,-3904.0454939674355,Monday,2024-08
2024-08-20,8,6,3,-1435.71,1583.5,3019.21,156.70000000000002,0.10403885632245577,1.257625,161.25,5,37.5,-36086.37999999997,910.8899999999999,-36997.26999999997,-4061.6616715519954,Tuesday,2024-08
2024-08-21,35,9,14,5994.72,14978.94,8984.22,795.33,0.0761772078635592,1.3431142857142857,230.54285714285714,21,40.0,-30091.659999999967,910.8899999999999,-31002.549999999967,-3403.544884673229,Wednesday,2024-08
2024-08-22,11,7,1,-1915.8700000000003,1624.61,3540.48,127.64,-0.5916799928306584,0.8824545454545455,374.8181818181818,10,9.090909090909092,-32007.529999999966,910.8899999999999,-32918.41999999997,-3613.8743426758415,Thursday,2024-08
2024-08-23,10,3,5,3573.1800000000003,7001.01,3427.8300000000004,473.75,0.40295335830549456,1.0727,266.7,5,50.0,-28434.349999999966,910.8899999999999,-29345.239999999965,-3221.6008519140587,Friday,2024-08
2024-08-25,2,1,0,-1049.4,0.0,1049.4,65.15,-1.0743494030670218,1.0625,62.5,2,0.0,-29483.749999999967,910.8899999999999,-30394.639999999967,-3336.8068592255895,Sunday,2024-08
2024-08-26,17,6,9,2770.87,4952.55,2181.68,212.73,0.49124905779878186,1.5803529411764705,349.94117647058823,8,52.94117647058824,-26712.87999999997,910.8899999999999,-27623.769999999968,-3032.6131585592084,Monday,2024-08
2024-08-27,13,3,4,-673.6,1815.1299999999999,2488.73,137.34,-0.04352054784452313,1.2216923076923076,334.3076923076923,9,30.76923076923077,-27386.479999999967,910.8899999999999,-28297.369999999966,-3106.5628121946634,Tuesday,2024-08
2024-08-28,21,7,11,7955.08,10502.27,2547.19,325.21,0.6916396105939895,1.7304285714285714,545.8571428571429,10,52.38095238095239,-19431.399999999965,910.8899999999999,-20342.289999999964,-2233.2323332125684,Wednesday,2024-08
2024-08-29,10,4,3,-1464.24,116.48,1580.72,96.97,-0.5001292609422948,1.6064,54.7,7,30.0,-20895.639999999967,910.8899999999999,-21806.529999999966,-2393.98061236812,Thursday,2024-08
2024-08-30,6,4,2,491.57000000000005,1709.97,1218.4,107.42000000000002,0.05816384963147244,1.7933333333333332,161.66666666666666,4,33.33333333333333,-20404.069999999967,910.8899999999999,-21314.959999999966,-2340.0147108871506,Friday,2024-08
2024-08-31,6,1,1,-1114.9199999999998,24.04,1138.96,70.48,-0.829902616217836,0.9951666666666666,232.16666666666666,5,16.666666666666664,-21518.989999999965,910.8899999999999,-22429.879999999965,-2462.413683320705,Saturday,2024-08
2024-09-01,7,1,4,2298.08,3452.77,1154.69,65.63,0.6640847598975638,2.5595714285714286,213.71428571428572,3,57.14285714285714,-19220.909999999967,910.8899999999999,-20131.799999999967,-2210.1241642788887,Sunday,2024-09
2024-09-02,12,3,5,2099.86,4568.58,2468.72,276.31,0.28870170195453565,1.1923333333333332,130.33333333333334,7,41.66666666666667,-17121.049999999967,910.8899999999999,-18031.939999999966,-1979.5957799514724,Monday,2024-09
2024-09-03,14,4,7,1103.3400000000001,3274.9,2171.56,219.72,0.4448682199193116,1.1660714285714284,235.85714285714286,7,50.0,-16017.709999999966,910.8899999999999,-16928.599999999966,-1858.468091646628,Tuesday,2024-09
2024-09-04,13,6,7,1018.3100000000003,4341.64,3323.33,207.06,0.34450796954289553,1.2496923076923077,60.30769230769231,6,53.84615384615385,-14999.399999999967,910.8899999999999,-15910.289999999966,-1746.67522972038,Wednesday,2024-09
2024-09-05,16,6,2,-3692.08,366.59000000000003,4058.67,187.11,-0.724413329850917,1.635375,156.8125,14,12.5,-18691.479999999967,910.8899999999999,-19602.369999999966,-2152.001888263124,Thursday,2024-09
2024-09-06,16,5,5,315.21,2632.7,2317.49,304.90000000000003,-0.11936538206599186,2.2755,178.0625,11,31.25,-18376.269999999968,910.8899999999999,-19287.159999999967,-2117.397270801081,Friday,2024-09
2024-09-07,2,1,0,-117.97,0.0,117.97,3.64,-1.0372419906782697,0.43,80.0,2,0.0,-18494.23999999997,910.8899999999999,-19405.12999999997,-2130.3483406338823,Saturday,2024-09
2024-09-08,4,1,1,-58.39000000000004,731.41,789.8,50.620000000000005,-0.11913730892130747,1.779,36.25,3,25.0,-18552.62999999997,910.8899999999999,-19463.519999999968,-2136.7585548200077,Sunday,2024-09
2024-09-09,13,4,4,-1381.05,1515.43,2896.48,358.64,-0.15490774721672368,1.529,100.38461538461539,9,30.76923076923077,-19933.679999999968,910.8899999999999,-20844.569999999967,-2288.3740078384844,Monday,2024-09
2024-09-10,7,3,5,743.0,1713.92,970.92,105.96,1.0735622354394674,1.4087142857142858,93.28571428571429,2,71.42857142857143,-19190.679999999968,910.8899999999999,-20101.569999999967,-2206.8054320499696,Tuesday,2024-09
2024-09-11,14,4,8,897.1899999999999,3605.66,2708.47,424.99,0.2367661689143087,1.4736428571428573,102.64285714285714,6,57.14285714285714,-18293.48999999997,910.8899999999999,-19204.37999999997,-2108.3094555873895,Wednesday,2024-09
2024-09-12,14,6,5,752.2399999999997,5217.96,4465.72,269.14,0.16709314466835007,1.2430714285714284,577.7857142857143,9,35.714285714285715,-17541.24999999997,910.8899999999999,-18452.13999999997,-2025.7264872816666,Thursday,2024-09
2024-09-13,16,6,5,-2086.52,2812.22,4898.74,321.09000000000003,-0.2793307000520313,1.0814375,287.3125,11,31.25,-19627.76999999997,910.8899999999999,-20538.65999999997,-2254.790369858048,Friday,2024-09
2024-09-14,8,3,2,-1247.55,493.34000000000003,1740.8899999999999,95.72,-0.4388263987628915,1.40575,104.875,6,25.0,-20875.31999999997,910.8899999999999,-21786.20999999997,-2391.7498270921815,Saturday,2024-09
2024-09-15,4,2,1,-109.96000000000004,796.16,906.12,38.19,-0.1324565542819135,0.9750000000000001,35.5,3,25.0,-20985.27999999997,910.8899999999999,-21896.16999999997,-2403.821537177922,Sunday,2024-09
2024-09-16,15,5,4,1510.52,5274.54,3764.02,241.76,-0.059848627706145865,1.4777333333333333,397.0,11,26.666666666666668,-19474.75999999997,910.8899999999999,-20385.64999999997,-2237.9925128171317,Monday,2024-09
2024-09-17,21,5,11,6376.65,11303.79,4927.139999999999,704.6,0.34776935936677766,1.0122380952380954,153.47619047619048,10,52.38095238095239,-13098.10999999997,910.8899999999999,-14008.999999999969,-1537.9464040663495,Tuesday,2024-09
2024-09-18,19,8,5,-3304.7200000000003,2897.9300000000003,6202.65,325.39,-0.3165216796003181,1.688578947368421,216.68421052631578,14,26.31578947368421,-16402.82999999997,910.8899999999999,-17313.71999999997,-1900.7476204591082,Wednesday,2024-09
2024-09-19,10,4,4,1979.3400000000001,5014.99,3035.65,334.2,0.06724481634322121,1.6078,608.4,6,40.0,-14423.489999999969,910.8899999999999,-15334.379999999968,-1683.450251951385,Thursday,2024-09
2024-09-20,14,5,6,-448.96000000000004,3050.23,3499.19,262.02,0.21678837920132696,1.2385,212.14285714285714,8,42.857142857142854,-14872.449999999968,910.8899999999999,-15783.339999999967,-1732.7383108827596,Friday,2024-09
2024-09-21,3,2,0,-1363.25,0.0,1363.25,64.61,-0.8201056330739634,1.0566666666666666,314.0,3,0.0,-16235.699999999968,910.8899999999999,-17146.589999999967,-1882.3996311299904,Saturday,2024-09
2024-09-22,8,3,3,173.7199999999999,1590.79,1417.0700000000002,79.68,0.3066590128570431,1.355875,139.0,5,37.5,-16061.979999999969,910.8899999999999,-16972.86999999997,-1863.328173544552,Sunday,2024-09
2024-09-23,12,5,5,3757.2700000000004,6094.16,2336.89,225.02,0.1816733378333615,1.1290833333333332,261.3333333333333,7,41.66666666666667,-12304.709999999968,910.8899999999999,-13215.599999999968,-1450.8447781839707,Monday,2024-09
2024-09-24,13,5,7,5931.6,8274.05,2342.45,188.97,0.7939836309674937,1.4816153846153846,562.4615384615385,6,53.84615384615385,-6373.109999999968,910.8899999999999,-7283.999999999967,-799.6574778513287,Tuesday,2024-09
2024-09-25,3,2,1,-822.2900000000001,254.16,1076.45,63.0,0.7388051492316796,0.8596666666666667,64.0,2,33.33333333333333,-7195.399999999968,910.8899999999999,-8106.289999999968,-889.9307270910833,Wednesday,2024-09
2024-09-26,22,7,10,3924.1299999999997,8237.73,4313.6,702.14,0.2755173419674408,1.125590909090909,404.0,12,45.45454545454545,-3271.269999999968,910.8899999999999,-4182.159999999968,-459.1289837411727,Thursday,2024-09
2024-09-27,15,4,7,470.8300000000004,5159.98,4689.15,490.46,0.5051717129297209,1.1529333333333334,407.6,8,46.666666666666664,-2800.4399999999678,910.8899999999999,-3711.3299999999676,-407.43997628692466,Friday,2024-09
2024-09-30,16,7,5,1827.6899999999996,4575.379999999999,2747.69,285.29,-0.2599803885570059,1.0209375,146.5,11,31.25,-972.7499999999682,910.8899999999999,-1883.639999999968,-206.79116029377514,Monday,2024-09
2024-10-01,12,4,8,3415.52,4376.2300000000005,960.71,460.06,0.563669105799112,1.0602500000000001,43.833333333333336,4,66.66666666666666,2442.770000000032,2442.770000000032,0.0,0.0,Tuesday,2024-10
2024-10-02,20,6,6,5813.42,9124.43,3311.0099999999998,287.49,0.2583828807468545,1.3185,211.85,14,30.0,8256.190000000031,8256.190000000031,0.0,0.0,Wednesday,2024-10
2024-10-03,6,3,2,-2637.5600000000004,1474.33,4111.89,517.99,-0.5548305993792118,1.1195000000000002,56.666666666666664,4,33.33333333333333,5618.630000000031,8256.190000000031,-2637.5600000000004,-31.94645472063979,Thursday,2024-10
2024-10-04,17,8,4,-2957.85,2341.02,5298.87,267.88,-0.1979538734692253,1.2329411764705882,512.0588235294117,13,23.52941176470588,2660.780000000031,8256.190000000031,-5595.41,-67.77230175177628,Friday,2024-10
2024-10-05,6,2,3,-705.2599999999999,1594.18,2299.44,178.78,0.2797379538819828,1.0746666666666667,133.0,3,50.0,1955.5200000000314,8256.190000000031,-6300.67,-76.31449857621949,Saturday,2024-10
2024-10-06,3,2,0,-487.74,0.0,487.74,30.040000000000003,-1.0632423580986587,1.2833333333333334,52.666666666666664,3,0.0,1467.7800000000314,8256.190000000031,-6788.41,-82.22206611039685,Sunday,2024-10
2024-10-07,9,4,2,-3783.02,596.71,4379.7300000000005,177.07999999999998,-0.29555632560096784,1.1926666666666668,253.22222222222223,7,22.22222222222222,-2315.239999999969,8256.190000000031,-10571.43,-128.04247479769674,Monday,2024-10
2024-10-08,15,3,5,2754.4900000000007,9412.94,6658.45,781.14,-0.17307349867396174,1.2095333333333333,292.06666666666666,10,33.33333333333333,439.25000000003183,8256.190000000031,-7816.94,-94.67974937592243,Tuesday,2024-10
2024-10-09,11,6,5,-1307.6400000000003,3878.87,5186.51,343.21999999999997,0.4759175961853042,1.2049999999999998,45.72727272727273,6,45.45454545454545,-868.3899999999685,8256.190000000031,-9124.58,-110.51804767089864,Wednesday,2024-10
2024-10-10,20,5,4,-886.8999999999997,4344.64,5231.54,262.37,-0.2721721476449007,1.3068,155.95,16,20.0,-1755.2899999999681,8256.190000000031,-10011.48,-121.26029076365685,Thursday,2024-10
2024-10-11,17,5,4,1365.2700000000002,4484.98,3119.71,211.6,-0.1502386706012161,1.1366470588235293,155.88235294117646,13,23.52941176470588,-390.0199999999679,8256.190000000031,-8646.21,-104.72397074195199,Friday,2024-10
2024-10-12,5,2,1,-923.47,261.93,1185.4,49.410000000000004,-0.6009457905948803,1.3232000000000002,82.2,4,20.0,-1313.489999999968,8256.190000000031,-9569.68,-115.90915422246779,Saturday,2024-10
2024-10-13,10,4,2,-411.95000000000005,3228.9,3640.85,118.2,-0.21530602243615596,1.3302,334.7,8,20.0,-1725.439999999968,8256.190000000031,-9981.63,-120.89874385158241,Sunday,2024-10
2024-10-14,15,6,7,1433.56,6591.47,5157.91,715.39,0.2999970347195059,1.0914,111.2,8,46.666666666666664,-291.87999999996805,8256.190000000031,-8548.07,-103.53528685749683,Monday,2024-10
2024-10-15,11,4,2,-3013.0099999999998,1256.71,4269.72,247.26999999999998,-0.22729986340907235,1.319090909090909,408.90909090909093,9,18.181818181818183,-3304.8899999999676,8256.190000000031,-11561.079999999998,-140.0292386681987,Tuesday,2024-10
2024-10-16,16,4,3,-2374.94,903.56,3278.5,164.4,-0.4740744171098046,1.8908125,494.375,13,18.75,-5679.829999999967,8256.190000000031,-13936.019999999999,-168.79480729004476,Wednesday,2024-10
2024-10-17,18,5,6,-783.0899999999999,4001.44,4784.53,237.28,0.02425105265973435,1.0986111111111112,230.66666666666666,12,33.33333333333333,-6462.919999999967,8256.190000000031,-14719.109999999999,-178.2796907532402,Thursday,2024-10
2024-10-18,18,7,5,-199.56,3732.57,3932.13,202.38,-0.10949319276878094,1.151111111111111,203.16666666666666,13,27.77777777777778,-6662.479999999968,8256.190000000031,-14918.669999999998,-180.6967862900435,Friday,2024-10
2024-10-21,18,6,8,-1198.0499999999997,4278.38,5476.43,350.40999999999997,0.15693631463805385,1.3243333333333334,201.88888888888889,10,44.44444444444444,-7860.529999999968,8256.190000000031,-16116.72,-195.20771687666996,Monday,2024-10
2024-10-22,10,5,4,-509.59000000000003,1199.72,1709.31,101.15,-0.2120574166382058,1.2054,265.8,6,40.0,-8370.119999999968,8256.190000000031,-16626.309999999998,-201.37993432806093,Tuesday,2024-10
2024-10-23,16,5,9,1563.4,3751.02,2187.62,309.24,0.6669205293008333,1.111875,259.4375,7,56.25,-6806.719999999968,8256.190000000031,-15062.91,-182.4438391073842,Wednesday,2024-10
2024-10-24,16,6,2,-5620.46,1760.74,7381.2,406.12,-0.49367622173087594,1.6005,218.375,14,12.5,-12427.179999999968,8256.190000000031,-20683.37,-250.51954957431843,Thursday,2024-10
2024-10-25,21,7,8,2083.34,7639.82,5556.48,363.5,0.23609401639771654,1.3497619047619047,361.42857142857144,13,38.095238095238095,-10343.839999999967,8256.190000000031,-18600.03,-225.2858764151495,Friday,2024-10
2024-10-26,8,1,1,-3.320000000000107,3152.08,3155.4,257.44,-0.3230277361484848,1.311375,330.0,7,12.5,-10347.159999999967,8256.190000000031,-18603.35,-225.32608866801672,Saturday,2024-10
2024-10-27,5,1,0,-1155.57,0.0,1155.57,30.630000000000003,-0.8924178568748834,2.134,163.4,5,0.0,-11502.729999999967,8256.190000000031,-19758.92,-239.32249621193216,Sunday,2024-10
2024-10-28,15,5,4,-3266.68,3186.95,6453.63,267.56,-0.1801453534616325,1.6570666666666667,353.6666666666667,11,26.666666666666668,-14769.409999999967,8256.190000000031,-23025.6,-278.8889306084273,Monday,2024-10
2024-10-29,18,6,6,-515.3999999999999,2237.81,2753.21,194.1,0.1452064231053878,1.2097777777777778,164.0,12,33.33333333333333,-15284.809999999967,8256.190000000031,-23541.0,-285.13151950233595,Tuesday,2024-10
2024-10-30,4,3,0,-948.14,0.0,948.14,129.82,-0.5652937546278078,1.146,36.0,4,0.0,-16232.949999999966,8256.190000000031,-24489.14,-296.6155090907538,Wednesday,2024-10
2024-10-31,18,5,7,1079.2600000000004,7898.49,6819.23,483.32,0.08079452895350074,1.3223333333333334,445.6666666666667,11,38.88888888888889,-15153.689999999966,8256.190000000031,-23409.879999999997,-283.543377756567,Thursday,2024-10
2024-11-01,18,8,5,-1743.46,2868.87,4612.33,425.35,-0.19954850425122872,1.1303888888888889,82.16666666666667,13,27.77777777777778,-16897.149999999965,8256.190000000031,-25153.339999999997,-304.6603820890738,Friday,2024-11
2024-11-02,11,3,3,-1133.48,680.12,1813.6,79.46,-0.4682838145812708,1.2343636363636363,81.72727272727273,8,27.27272727272727,-18030.629999999965,8256.190000000031,-26286.819999999996,-318.3892328059298,Saturday,2024-11
2024-11-03,1,1,1,1470.38,1470.38,0.0,14.37,2.9511515712166485,1.034,130.0,0,100.0,-16560.249999999964,8256.190000000031,-24816.439999999995,-300.5798073929973,Sunday,2024-11
2024-11-04,12,6,3,-2458.07,2639.8199999999997,5097.89,380.04,-0.18887778436652738,1.2275833333333332,118.5,9,25.0,-19018.319999999963,8256.190000000031,-27274.509999999995,-330.35225691269085,Monday,2024-11
2024-11-05,18,5,6,3434.86,8579.369999999999,5144.51,320.16,-0.047777941307638114,1.171388888888889,247.38888888888889,12,33.33333333333333,-15583.459999999963,8256.190000000031,-23839.649999999994,-288.7488054417341,Tuesday,2024-11
2024-11-06,23,6,11,389.0000000000007,10380.74,9991.74,820.5600000000001,0.2737555217826593,1.276304347826087,95.69565217391305,12,47.82608695652174,-15194.459999999963,8256.190000000031,-23450.649999999994,-284.03718906662647,Wednesday,2024-11
2024-11-07,23,7,11,1811.99,5485.219999999999,3673.23,375.17,0.2570840071242068,1.308913043478261,151.34782608695653,12,47.82608695652174,-13382.469999999963,8256.190000000031,-21638.659999999996,-262.0901408518931,Thursday,2024-11
2024-11-08,7,2,3,-183.38000000000002,682.95,866.33,89.27,-0.06517961067755287,1.7975714285714286,105.28571428571429,4,42.857142857142854,-13565.849999999962,8256.190000000031,-21822.039999999994,-264.31126221659036,Friday,2024-11
2024-11-09,7,3,4,1097.2700000000002,1624.26,526.99,68.37,0.6294121401482791,1.3342857142857143,42.857142857142854,3,57.14285714285714,-12468.579999999962,8256.190000000031,-20724.769999999993,-251.0209915227231,Saturday,2024-11
2024-11-10,3,2,1,2.5399999999999636,1508.05,1505.51,124.36000000000001,0.12160257996443831,1.285,309.6666666666667,2,33.33333333333333,-12466.03999999996,8256.190000000031,-20722.229999999992,-250.99022672685481,Sunday,2024-11
2024-11-11,11,5,2,-1561.74,1004.98,2566.7200000000003,134.62,-0.41875556592288876,1.0275454545454545,508.1818181818182,9,18.181818181818183,-14027.77999999996,8256.190000000031,-22283.969999999994,-269.906215821098,Monday,2024-11
2024-11-12,19,6,2,-4587.82,882.98,5470.8,321.07,-0.7062376199386462,1.345157894736842,282.0,17,10.526315789473683,-18615.599999999962,8256.190000000031,-26871.789999999994,-325.47446219139687,Tuesday,2024-11
2024-11-13,35,9,13,3180.5600000000004,13562.52,10381.96,760.83,-0.09659586709905482,1.426057142857143,99.85714285714286,22,37.142857142857146,-15435.03999999996,8256.190000000031,-23691.229999999992,-286.95112394457857,Wednesday,2024-11
2024-11-14,20,8,9,6530.61,10492.76,3962.15,294.18,0.45597389818484635,1.3262,464.85,11,45.0,-8904.42999999996,8256.190000000031,-17160.61999999999,-207.8515634935718,Thursday,2024-11
2024-11-15,12,5,5,1435.2,2810.75,1375.55,106.76,0.19699251736039539,1.26575,100.16666666666667,7,41.66666666666667,-7469.2299999999605,8256.190000000031,-15725.419999999991,-190.46824261553974,Friday,2024-11
2024-11-16,9,4,6,5041.09,5904.53,863.44,300.21,1.1980026585320211,1.230222222222222,218.55555555555554,3,66.66666666666666,-2428.1399999999603,8256.190000000031,-10684.32999999999,-129.40993363767004,Saturday,2024-11
2024-11-18,21,7,8,-3264.59,4955.76,8220.35,530.77,-0.03228998618827963,1.4767142857142856,190.71428571428572,13,38.095238095238095,-5692.7299999999605,8256.190000000031,-13948.919999999991,-168.95105369425772,Monday,2024-11
2024-11-19,7,3,3,215.44000000000005,1072.17,856.73,55.19,0.1695567754071799,1.2967142857142857,793.1428571428571,4,42.857142857142854,-5477.289999999961,8256.190000000031,-13733.479999999992,-166.34161762265575,Tuesday,2024-11
2024-11-20,11,5,1,-4727.7,1794.64,6522.34,407.28,-0.7930007391144879,1.2602727272727272,88.0909090909091,10,9.090909090909092,-10204.989999999962,8256.190000000031,-18461.179999999993,-223.60410794809619,Wednesday,2024-11
2024-11-21,17,5,9,3916.21,7635.3099999999995,3719.1,426.93,0.5627912476670576,1.3327058823529412,268.2352941176471,8,52.94117647058824,-6288.779999999962,8256.190000000031,-14544.969999999994,-176.17048541760713,Thursday,2024-11
2024-11-22,7,4,0,-2088.04,0.0,2088.04,202.54,-1.0067102247196698,1.631714285714286,323.14285714285717,7,0.0,-8376.819999999962,8256.190000000031,-16633.009999999995,-201.46108556125685,Friday,2024-11
2024-11-23,12,4,2,-3343.44,557.6800000000001,3901.12,133.8,-0.5225056119590872,1.1773333333333333,392.9166666666667,10,16.666666666666664,-11720.259999999962,8256.190000000031,-19976.449999999993,-241.9572466234415,Saturday,2024-11
2024-11-24,13,3,2,-2845.68,876.9100000000001,3722.5899999999997,196.79,-0.6784535830433189,1.7137692307692307,199.6153846153846,11,15.384615384615385,-14565.939999999962,8256.190000000031,-22822.129999999994,-276.4244766653857,Sunday,2024-11
2024-11-25,14,4,5,-306.80000000000007,2001.3999999999999,2308.2000000000003,208.70000000000002,-0.13757012017399856,1.5479285714285713,78.0,9,35.714285714285715,-14872.739999999962,8256.190000000031,-23128.929999999993,-280.14047641829836,Monday,2024-11
2024-11-26,21,5,8,1119.55,3499.45,2379.9,295.11,-0.09603433637998669,1.1982380952380953,272.6666666666667,13,38.095238095238095,-13753.189999999962,8256.190000000031,-22009.379999999994,-266.58034759374374,Tuesday,2024-11
2024-11-27,19,5,5,-1217.52,2693.2400000000002,3910.76,278.49,-0.35851510289172034,1.3653157894736843,191.94736842105263,14,26.31578947368421,-14970.709999999963,8256.190000000031,-23226.899999999994,-281.3271012416127,Wednesday,2024-11
2024-11-28,17,6,9,4075.01,6988.5,2913.4900000000002,474.85999999999996,0.6466395962296484,1.213235294117647,194.58823529411765,8,52.94117647058824,-10895.699999999963,8256.190000000031,-19151.889999999992,-231.97007336313624,Thursday,2024-11
2024-11-29,9,6,2,-654.8299999999999,1658.74,2313.57,166.75,-0.42967665682363837,1.0206666666666666,107.22222222222223,7,22.22222222222222,-11550.529999999962,8256.190000000031,-19806.719999999994,-239.90145575622557,Friday,2024-11
2024-11-30,6,1,4,2710.54,4195.429999999999,1484.8899999999999,115.49,1.1886686071231325,1.5096666666666667,430.6666666666667,2,66.66666666666666,-8839.989999999962,8256.190000000031,-17096.179999999993,-207.07105819996787,Saturday,2024-11
2024-12-01,11,4,2,-2040.2800000000002,1975.4,4015.6800000000003,174.49,-0.4956197118749797,1.3204545454545455,685.0,9,18.181818181818183,-10880.269999999962,8256.190000000031,-19136.459999999992,-231.78318328429845,Sunday,2024-12
2024-12-02,14,4,4,-727.27,2357.2200000000003,3084.49,257.59000000000003,-0.2532536693682124,1.4149999999999998,93.5,10,28.57142857142857,-11607.539999999963,8256.190000000031,-19863.729999999996,-240.59196796585255,Monday,2024-12
2024-12-03,22,8,9,-2519.26,3280.69,5799.95,371.34,0.1398781173988062,1.5754090909090908,160.54545454545453,13,40.909090909090914,-14126.799999999963,8256.190000000031,-22382.989999999994,-271.1055583749879,Tuesday,2024-12
2024-12-04,11,5,4,-332.5199999999995,4234.99,4567.51,250.56,0.043814296959205266,1.5183636363636361,740.9090909090909,7,36.36363636363637,-14459.319999999963,8256.190000000031,-22715.509999999995,-275.1330819663781,Wednesday,2024-12
2024-12-05,19,6,1,-7864.06,684.89,8548.95,489.23,-0.7804149954182358,1.1246315789473684,317.0,18,5.263157894736842,-22323.379999999965,8256.190000000031,-30579.569999999996,-370.38355464203073,Thursday,2024-12
2024-12-06,13,3,3,-1738.5800000000002,7044.61,8783.19,1004.75,-0.35274560792872156,1.5412307692307694,104.84615384615384,10,23.076923076923077,-24061.959999999966,8256.190000000031,-32318.149999999998,-391.4414518076725,Friday,2024-12
2024-12-07,10,3,4,234.09000000000003,2261.0299999999997,2026.94,200.60999999999999,0.0819095167760473,1.2328,147.0,6,40.0,-23827.869999999966,8256.190000000031,-32084.059999999998,-388.60612461680114,Saturday,2024-12
2024-12-08,6,2,3,1811.9600000000003,2564.2000000000003,752.24,48.33,0.7377544096957808,1.6575,190.66666666666666,3,50.0,-22015.909999999967,8256.190000000031,-30272.1,-366.65943976579854,Sunday,2024-12
2024-12-09,10,5,2,-2656.33,1363.3700000000001,4019.7,326.45000000000005,-0.421595157798189,0.9625,181.1,8,20.0,-24672.23999999997,8256.190000000031,-32928.43,-398.83323906063055,Monday,2024-12
2024-12-10,18,6,7,4262.450000000001,8502.1,4239.65,304.39,0.250658949899028,1.245611111111111,204.55555555555554,11,38.88888888888889,-20409.789999999968,8256.190000000031,-28665.98,-347.20591459256497,Tuesday,2024-12
2024-12-11,28,5,9,-3247.2,6369.45,9616.65,838.37,-0.04878398013835371,1.29925,456.9642857142857,19,32.142857142857146,-23656.98999999997,8256.190000000031,-31913.18,-386.53640480657396,Wednesday,2024-12
2024-12-12,15,5,3,1717.28,6157.93,4440.65,458.64,-0.4465233862256347,1.1296666666666666,129.0,12,20.0,-21939.70999999997,8256.190000000031,-30195.9,-365.7364958897492,Thursday,2024-12
2024-12-13,4,3,1,-981.26,198.9,1180.1599999999999,54.82,-0.562863395934928,1.2425,186.0,3,25.0,-22920.96999999997,8256.190000000031,-31177.16,-377.6216390368909,Friday,2024-12
2024-12-14,8,3,4,-231.76999999999987,1508.99,1740.76,185.26,0.0771817705003475,1.510875,20.25,4,50.0,-23152.73999999997,8256.190000000031,-31408.93,-380.42886609925256,Saturday,2024-12
2024-12-15,3,1,2,94.84000000000002,205.11,110.27,11.69,0.1663582030701909,1.498,39.666666666666664,1,66.66666666666666,-23057.89999999997,8256.190000000031,-31314.09,-379.2801522251775,Sunday,2024-12
2024-12-16,11,3,3,830.8100000000002,2850.33,2019.52,132.26999999999998,0.07320164786516599,1.665090909090909,184.54545454545453,8,27.27272727272727,-22227.089999999967,8256.190000000031,-30483.28,-369.2172781876372,Monday,2024-12
2024-12-17,4,2,0,-1196.94,0.0,1196.94,83.81,-1.1027678850338893,1.50225,60.25,4,0.0,-23424.029999999966,8256.190000000031,-31680.219999999998,-383.7147643162267,Tuesday,2024-12
2024-12-18,18,6,8,3417.31,7580.639999999999,4163.33,318.77,0.35794022092305416,1.367888888888889,249.38888888888889,10,44.44444444444444,-20006.719999999965,8256.190000000031,-28262.909999999996,-342.32388062774584,Wednesday,2024-12
2024-12-19,26,7,8,-1215.0400000000002,3733.0,4948.04,302.71,-0.04685898821681377,1.4635384615384615,350.03846153846155,18,30.76923076923077,-21221.759999999966,8256.190000000031,-29477.949999999997,-357.04059620720795,Thursday,2024-12
2024-12-20,14,4,3,-5527.51,3432.81,8960.32,468.67,-0.2468669462761889,1.1172857142857142,120.64285714285714,11,21.428571428571427,-26749.269999999968,8256.190000000031,-35005.46,-423.99048471510304,Friday,2024-12
2024-12-21,7,2,3,5232.98,6574.49,1341.51,123.83,0.26756918882684033,1.3138571428571428,232.0,4,42.857142857142854,-21516.289999999968,8256.190000000031,-29772.48,-360.6079801942529,Saturday,2024-12
2024-12-23,19,9,7,1766.6599999999999,5953.52,4186.860000000001,243.27,0.03271013959416937,1.4941052631578948,501.7894736842105,12,36.84210526315789,-19749.62999999997,8256.190000000031,-28005.82,-339.2099745766497,Monday,2024-12
2024-12-24,11,5,6,4468.4400000000005,5961.14,1492.7,355.78,0.5307407716340623,1.236181818181818,78.27272727272727,5,54.54545454545454,-15281.189999999968,8256.190000000031,-23537.379999999997,-285.0876736121614,Tuesday,2024-12
2024-12-25,8,4,2,1873.7900000000002,2793.08,919.29,128.03,0.0209083427559712,1.259125,65.625,6,25.0,-13407.399999999967,8256.190000000031,-21663.589999999997,-262.3920961121282,Wednesday,2024-12
2024-12-26,33,7,10,760.3700000000002,5708.61,4948.24,388.04,0.16116404987383304,1.3675454545454544,231.03030303030303,23,30.303030303030305,-12647.029999999966,8256.190000000031,-20903.219999999998,-253.18240011433747,Thursday,2024-12
2024-12-27,11,3,5,-32.109999999999985,1015.5600000000001,1047.67,68.8,0.18333652558536928,1.5384545454545455,69.0909090909091,6,45.45454545454545,-12679.139999999967,8256.190000000031,-20935.329999999998,-253.5713204274601,Friday,2024-12
2024-12-28,9,2,5,-957.53,617.26,1574.79,64.46000000000001,0.20206888094163744,1.5672222222222223,37.22222222222222,4,55.55555555555556,-13636.669999999967,8256.190000000031,-21892.86,-265.1690428635959,Saturday,2024-12
2024-12-30,11,4,3,-2088.3,2790.99,4879.29,192.22000000000003,-0.11792235168563617,1.2590000000000001,168.1818181818182,8,27.27272727272727,-15724.969999999968,8256.190000000031,-23981.16,-290.46279215957856,Monday,2024-12
2024-12-31,18,4,3,-4905.57,625.0699999999999,5530.64,170.25,-0.5550823603114048,1.4708333333333334,561.7222222222222,15,16.666666666666664,-20630.539999999968,8256.190000000031,-28886.73,-349.8796660445059,Tuesday,2024-12
2025-01-01,4,2,1,121.69999999999993,833.29,711.59,245.51999999999998,-0.6273561264030643,1.2337500000000001,22.75,3,25.0,-20508.839999999967,8256.190000000031,-28765.03,-348.4056205101856,Wednesday,2025-01
2025-01-02,10,4,3,-1951.0500000000002,4196.18,6147.23,408.71,-0.10354168621490141,1.3575,241.9,7,30.0,-22459.889999999967,8256.190000000031,-30716.079999999998,-372.03698073808715,Thursday,2025-01
2025-01-03,17,7,3,-4270.28,491.72,4762.0,355.55,-0.6120178122122526,1.4734117647058822,154.7058823529412,14,17.647058823529413,-26730.169999999966,8256.190000000031,-34986.36,-423.75914313987283,Friday,2025-01
2025-01-05,4,2,1,-345.90999999999985,1269.92,1615.83,47.58,-0.1234416673970149,1.596,191.75,3,25.0,-27076.079999999965,8256.190000000031,-35332.27,-427.94884807641125,Sunday,2025-01
2025-01-06,16,4,8,738.9499999999999,3379.86,2640.91,509.54999999999995,0.416997558738718,1.2335,154.0625,8,50.0,-26337.129999999965,8256.190000000031,-34593.31999999999,-418.9985937823604,Monday,2025-01
2025-01-07,13,5,5,-202.61,2036.21,2238.82,286.94,-0.20683026731992243,1.2333076923076924,256.46153846153845,8,38.46153846153847,-26539.739999999965,8256.190000000031,-34795.92999999999,-421.4526312984543,Tuesday,2025-01
2025-01-08,3,2,0,-1984.7199999999998,0.0,1984.7199999999998,44.47,-1.1497260268185796,1.5113333333333332,101.66666666666667,3,0.0,-28524.459999999966,8256.190000000031,-36780.649999999994,-445.49180675347657,Wednesday,2025-01
2025-01-09,12,4,6,-1925.0099999999998,1151.62,3076.63,371.61,0.05422016676491697,1.4295833333333334,24.5,6,50.0,-30449.469999999965,8256.190000000031,-38705.659999999996,-468.8077672631062,Thursday,2025-01
2025-01-10,5,3,2,441.66,1165.65,723.99,27.759999999999998,0.3643282794617665,1.4324,426.8,3,40.0,-30007.809999999965,8256.190000000031,-38264.0,-463.45832641932725,Friday,2025-01
2025-01-11,5,2,5,4812.26,4812.26,0.0,61.79,2.1521918056689593,1.0928,581.6,0,100.0,-25195.549999999967,8256.190000000031,-33451.74,-405.1716348582079,Saturday,2025-01
2025-01-13,22,4,8,544.9499999999996,8588.01,8043.06,624.79,0.03691621878911116,1.1047727272727272,249.22727272727272,14,36.36363636363637,-24650.599999999966,8256.190000000031,-32906.78999999999,-398.57113268953196,Monday,2025-01
2025-01-14,19,5,7,2538.21,7399.63,4861.42,1112.97,-0.08646535847051895,0.9990526315789473,185.1578947368421,12,36.84210526315789,-22112.389999999967,8256.190000000031,-30368.579999999998,-367.8280175238201,Tuesday,2025-01
2025-01-15,15,4,8,2566.96,6091.38,3524.42,233.01999999999998,0.6825021960256271,1.0921999999999998,786.5333333333333,7,53.333333333333336,-19545.429999999968,8256.190000000031,-27801.62,-336.73667878282714,Wednesday,2025-01
2025-01-16,13,5,5,-280.8000000000004,4691.29,4972.09,432.47,0.020093089516423166,1.6726923076923077,386.46153846153845,8,38.46153846153847,-19826.229999999967,8256.190000000031,-28082.42,-340.13776330244207,Thursday,2025-01
2025-01-17,9,5,5,5317.2,6074.55,757.35,113.35,0.49245616071867104,1.6606666666666667,196.22222222222223,4,55.55555555555556,-14509.029999999966,8256.190000000031,-22765.219999999998,-275.73517566819453,Friday,2025-01
2025-01-18,4,1,1,-518.8999999999999,1019.46,1538.36,88.38,-0.16876475128758597,1.292,298.5,3,25.0,-15027.929999999966,8256.190000000031,-23284.119999999995,-282.0201569973548,Saturday,2025-01
2025-01-19,11,3,4,-807.3799999999999,1196.17,2003.55,132.86,-0.20053880754131492,1.1560000000000001,167.0,7,36.36363636363637,-15835.309999999965,8256.190000000031,-24091.499999999996,-291.79924396119645,Sunday,2025-01
2025-01-20,24,8,8,-2002.9700000000003,4409.74,6412.71,318.01,0.23715598087747267,1.2507083333333333,643.0833333333334,16,33.33333333333333,-17838.279999999966,8256.190000000031,-26094.469999999998,-316.05946568574484,Monday,2025-01
2025-01-21,7,3,1,-347.19,218.31,565.5,31.67,-0.4762594077985241,1.0647142857142857,183.0,6,14.285714285714285,-18185.469999999965,8256.190000000031,-26441.659999999996,-320.26467414146106,Tuesday,2025-01
2025-01-22,13,5,7,2776.46,4085.74,1309.28,404.34,0.28581155849175005,1.626076923076923,120.0,6,53.84615384615385,-15409.009999999966,8256.190000000031,-23665.199999999997,-286.63584534755023,Wednesday,2025-01
2025-01-23,10,3,4,690.6500000000001,1451.42,760.77,79.18,0.04299677606727868,1.4263,244.4,6,40.0,-14718.359999999966,8256.190000000031,-22974.549999999996,-278.27060665997163,Thursday,2025-01
2025-01-24,18,6,8,4150.2699999999995,7777.2699999999995,3627.0,186.17000000000002,0.5046020900302025,1.1852222222222222,503.6111111111111,10,44.44444444444444,-10568.089999999967,8256.190000000031,-18824.28,-228.00202030234198,Friday,2025-01
2025-01-25,7,2,1,-1421.74,562.46,1984.2000000000003,50.97,-0.4634127572026695,1.7762857142857145,354.14285714285717,6,14.285714285714285,-11989.829999999967,8256.190000000031,-20246.019999999997,-245.22231198652068,Saturday,2025-01
2025-01-27,12,5,1,-2047.35,275.07,2322.42,114.31,-0.7312063305214949,1.3698333333333332,122.25,11,8.333333333333332,-14037.179999999968,8256.190000000031,-22293.37,-270.02006979005955,Monday,2025-01
2025-01-28,28,8,9,-4972.860000000001,3173.21,8146.070000000001,520.99,-0.021577462353488803,1.2556428571428573,274.7142857142857,19,32.142857142857146,-19010.039999999968,8256.190000000031,-27266.23,-330.25196852300996,Tuesday,2025-01
2025-01-29,14,5,6,-3262.17,2973.23,6235.4,441.46999999999997,0.1996260495456926,1.3352857142857142,72.78571428571429,8,42.857142857142854,-22272.20999999997,8256.190000000031,-30528.4,-369.76377723865227,Wednesday,2025-01
2025-01-30,22,7,8,5106.179999999999,8674.61,3568.43,479.07,-0.024010614667809346,1.0450000000000002,378.40909090909093,14,36.36363636363637,-17166.02999999997,8256.190000000031,-25422.22,-307.91709008634615,Thursday,2025-01
2025-01-31,20,6,3,-7405.679999999999,294.85,7700.53,283.79,-0.7053206194537575,1.26065,445.45,17,15.0,-24571.70999999997,8256.190000000031,-32827.9,-397.61560719896073,Friday,2025-01
2025-02-01,12,4,6,1550.4299999999998,4267.94,2717.51,267.92,0.17572332971682406,1.3356666666666666,88.33333333333333,6,50.0,-23021.27999999997,8256.190000000031,-31277.47,-378.8366062312021,Saturday,2025-02
2025-02-02,2,2,1,47.889999999999986,588.75,540.86,33.59,1.0346625734663677,0.891,34.0,1,50.0,-22973.38999999997,8256.190000000031,-31229.58,-378.25655659571646,Sunday,2025-02
2025-02-03,26,8,6,1026.9600000000005,9177.37,8150.41,673.58,-0.27786688646916696,1.2715384615384617,127.11538461538461,20,23.076923076923077,-21946.42999999997,8256.190000000031,-30202.620000000003,-365.81788936543234,Monday,2025-02
2025-02-04,17,4,3,-4575.200000000001,938.17,5513.37,225.42,-0.40649403533884787,1.6091764705882354,208.58823529411765,14,17.647058823529413,-26521.629999999972,8256.190000000031,-34777.82000000001,-421.2332807263383,Tuesday,2025-02
2025-02-05,6,2,2,267.6500000000002,2073.58,1805.9299999999998,176.82999999999998,0.6703358240646794,1.1286666666666667,587.0,4,33.33333333333333,-26253.97999999997,8256.190000000031,-34510.17,-417.9914706420258,Wednesday,2025-02
2025-02-06,10,5,2,-5030.73,2293.4700000000003,7324.2,449.41999999999996,-0.5482100003976429,1.1456,204.5,8,20.0,-31284.70999999997,8256.190000000031,-39540.9,-478.9242980115508,Thursday,2025-02
2025-02-07,9,5,5,1093.0500000000002,3944.4900000000002,2851.44,296.64,0.3041695336172688,1.0728888888888888,117.77777777777777,4,55.55555555555556,-30191.65999999997,8256.190000000031,-38447.850000000006,-465.6851404824726,Friday,2025-02
2025-02-10,12,5,3,-416.1700000000001,1320.17,1736.3400000000001,89.89,-0.18275503690471515,1.3339166666666669,123.66666666666667,9,25.0,-30607.829999999973,8256.190000000031,-38864.020000000004,-470.7258432763764,Monday,2025-02
2025-02-11,4,2,1,-3422.96,83.56,3506.52,263.55,0.15535781346214694,0.77,403.0,3,25.0,-34030.78999999997,8256.190000000031,-42286.98,-512.1851604674777,Tuesday,2025-02
2025-02-12,13,3,11,4189.63,4429.35,239.72,170.25,1.40734766488012,1.3073846153846154,526.8461538461538,2,84.61538461538461,-29841.15999999997,8256.190000000031,-38097.350000000006,-461.43984089513276,Wednesday,2025-02
2025-02-13,25,6,10,1966.2400000000002,7781.5,5815.26,762.37,0.028205227933431783,1.30024,280.96,15,40.0,-27874.91999999997,8256.190000000031,-36131.11,-437.62449749823907,Thursday,2025-02
2025-02-14,21,7,9,2917.0,8422.19,5505.19,563.14,0.3727630964215173,1.3923809523809523,166.0952380952381,12,42.857142857142854,-24957.91999999997,8256.190000000031,-33214.11,-402.2934307471107,Friday,2025-02
2025-02-15,7,2,1,-457.99999999999994,328.67,786.67,32.52,-0.4318117142881298,1.5531428571428572,48.285714285714285,6,14.285714285714285,-25415.91999999997,8256.190000000031,-33672.11,-407.8407837028929,Saturday,2025-02
2025-02-16,5,1,0,-569.25,0.0,569.25,26.470000000000002,-0.9137967473063409,1.02,77.2,5,0.0,-25985.16999999997,8256.190000000031,-34241.36,-414.73561049345847,Sunday,2025-02
2025-02-17,6,2,5,1101.32,1331.01,229.69,34.05,1.6136579356679466,1.2169999999999999,118.5,1,83.33333333333334,-24883.84999999997,8256.190000000031,-33140.04,-401.396285695943,Monday,2025-02
2025-02-18,10,5,1,-4703.39,83.93,4787.32,220.53,-0.7135616662359657,1.1770999999999998,144.7,9,10.0,-29587.23999999997,8256.190000000031,-37843.43,-458.36433027825007,Tuesday,2025-02
2025-02-19,21,7,10,2187.77,8732.789999999999,6545.02,861.89,0.383932449630885,1.1332857142857142,168.38095238095238,11,47.61904761904761,-27399.46999999997,8256.190000000031,-35655.66,-431.8657879724166,Wednesday,2025-02
2025-02-20,18,7,5,-2555.04,2356.36,4911.4,604.0699999999999,-0.08548269060521337,1.2278888888888888,321.55555555555554,13,27.77777777777778,-29954.50999999997,8256.190000000031,-38210.7,-462.812750191067,Thursday,2025-02
2025-02-21,17,4,8,-1361.52,1914.99,3276.5099999999998,199.67000000000002,0.3631123641509331,1.5295882352941177,206.88235294117646,9,47.05882352941176,-31316.02999999997,8256.190000000031,-39572.22,-479.3036497464309,Friday,2025-02
2025-02-22,1,1,1,102.67,102.67,0.0,2.92,1.3688978227355615,0.905,60.0,0,100.0,-31213.35999999997,8256.190000000031,-39469.55,-478.06009793863575,Saturday,2025-02
2025-02-24,17,6,4,6545.3,9768.38,3223.08,361.79,-0.052019100647007745,1.2606470588235295,202.47058823529412,13,23.52941176470588,-24668.059999999972,8256.190000000031,-32924.25,-398.78261038081575,Monday,2025-02
2025-02-25,8,3,2,-2080.02,1577.52,3657.54,202.26,-0.434347822812685,1.33325,68.625,6,25.0,-26748.079999999973,8256.190000000031,-35004.270000000004,-423.9760712871176,Tuesday,2025-02
2025-02-26,18,5,7,5085.04,12020.25,6935.21,413.18,0.19089948143709404,1.5864444444444445,452.0,11,38.88888888888889,-21663.03999999997,8256.190000000031,-29919.230000000003,-362.3854344437312,Wednesday,2025-02
2025-02-27,20,5,10,-73.69,2709.64,2783.33,401.04,0.16771923964088192,1.4673,157.4,10,50.0,-21736.72999999997,8256.190000000031,-29992.920000000002,-363.2779768876429,Thursday,2025-02
2025-02-28,9,3,3,734.4599999999999,3366.14,2631.6800000000003,236.28,0.234887267454684,1.235111111111111,232.11111111111111,6,33.33333333333333,-21002.26999999997,8256.190000000031,-29258.460000000003,-354.38210603195773,Friday,2025-02
2025-03-02,2,1,0,-2437.9300000000003,0.0,2437.9300000000003,61.42,-1.2363780619323677,0.688,970.0,2,0.0,-23440.19999999997,8256.190000000031,-31696.390000000003,-383.91061736708923,Sunday,2025-03
2025-03-03,22,7,5,-555.4700000000003,6702.78,7258.25,528.1,-0.3203736095628187,1.2615,324.1363636363636,17,22.727272727272727,-23995.669999999973,8256.190000000031,-32251.860000000004,-390.63853908400705,Monday,2025-03
2025-03-04,34,8,11,3197.73,7845.51,4647.78,358.32,-0.01739649343479935,1.4565294117647059,320.2352941176471,23,32.35294117647059,-20797.939999999973,8256.190000000031,-29054.130000000005,-351.9072356619687,Tuesday,2025-03
2025-03-05,16,5,3,-1073.9299999999998,1829.89,2903.82,232.65,-0.10603530929646635,1.250375,656.625,13,18.75,-21871.869999999974,8256.190000000031,-30128.060000000005,-364.9148093733295,Wednesday,2025-03
2025-03-06,11,4,5,213.47999999999996,4928.16,4714.68,289.46,0.20785020449351482,1.1044545454545454,509.6363636363636,6,45.45454545454545,-21658.389999999974,8256.190000000031,-29914.580000000005,-362.32911306546833,Thursday,2025-03
2025-03-07,27,6,11,-144.1199999999999,6441.860000000001,6585.98,795.25,0.05753428887788787,1.112851851851852,314.0740740740741,16,40.74074074074074,-21802.509999999973,8256.190000000031,-30058.700000000004,-364.07471242788614,Friday,2025-03
2025-03-08,1,1,1,132.35,132.35,0.0,96.82,0.24908018256985398,1.319,3.0,0,100.0,-21670.159999999974,8256.190000000031,-29926.350000000006,-362.47167276915735,Saturday,2025-03
2025-03-09,4,1,0,-498.43,0.0,498.43,43.23,-0.7584053849013843,1.5505,218.0,4,0.0,-22168.589999999975,8256.190000000031,-30424.780000000006,-368.5087189127175,Sunday,2025-03
2025-03-10,5,2,4,679.75,1853.04,1173.29,529.9300000000001,0.5069316350488003,0.9018,11.6,1,80.0,-21488.839999999975,8256.190000000031,-29745.030000000006,-360.27550238063674,Monday,2025-03
2025-03-11,18,6,6,-3394.2400000000002,3914.98,7309.22,429.69,-0.14740717372535392,1.1355,295.44444444444446,12,33.33333333333333,-24883.079999999976,8256.190000000031,-33139.270000000004,-401.3869593601877,Tuesday,2025-03
2025-03-12,9,5,3,-2374.95,1370.56,3745.51,364.42999999999995,-0.1742164590178123,1.0784444444444443,93.11111111111111,6,33.33333333333333,-27258.029999999977,8256.190000000031,-35514.22000000001,-430.1526491032773,Wednesday,2025-03
2025-03-13,20,6,3,-3951.3199999999997,1234.1200000000001,5185.44,309.65,-0.6503178344958711,1.34445,180.4,17,15.0,-31209.349999999977,8256.190000000031,-39465.54000000001,-478.0115283199619,Thursday,2025-03
2025-03-14,17,5,5,222.88999999999996,1670.52,1447.6299999999999,168.25,-0.14729948300531284,1.3725882352941177,348.94117647058823,12,29.411764705882355,-30986.459999999977,8256.190000000031,-39242.65000000001,-475.3118569218957,Friday,2025-03
2025-03-15,1,1,1,657.98,657.98,0.0,3.48,4.7150742900515885,2.181,5477.0,0,100.0,-30328.479999999978,8256.190000000031,-38584.67000000001,-467.34232133707997,Saturday,2025-03
2025-03-16,1,1,0,-431.66,0.0,431.66,13.56,-1.032424996779695,1.954,381.0,1,0.0,-30760.139999999978,8256.190000000031,-39016.33000000001,-472.570640937283,Sunday,2025-03
2025-03-17,14,3,5,-1491.9600000000003,3606.58,5098.54,374.31,0.21357472471834768,1.2730714285714286,384.5,9,35.714285714285715,-32252.099999999977,8256.190000000031,-40508.29000000001,-490.6414459938525,Monday,2025-03
2025-03-18,11,4,3,263.63000000000034,5298.35,5034.72,388.27,-0.13172488050792994,1.0588181818181819,78.0909090909091,8,27.27272727272727,-31988.469999999976,8256.190000000031,-40244.66,-487.44832664945756,Tuesday,2025-03
2025-03-19,13,6,6,3493.8799999999997,7144.14,3650.26,247.21,0.3329879474625528,1.2417692307692307,492.9230769230769,7,46.15384615384615,-28494.589999999975,8256.190000000031,-36750.780000000006,-445.1300175989151,Wednesday,2025-03
2025-03-20,13,5,4,-1670.35,1297.36,2967.71,155.42,-0.20839031952277207,1.385,238.30769230769232,9,30.76923076923077,-30164.939999999973,8256.190000000031,-38421.130000000005,-465.3615045196375,Thursday,2025-03
2025-03-21,18,8,4,-2057.5000000000005,6373.87,8431.37,708.53,-0.39751804895202425,1.1454444444444443,129.61111111111111,14,22.22222222222222,-32222.439999999973,8256.190000000031,-40478.630000000005,-490.282200385406,Friday,2025-03
2025-03-22,5,1,2,-807.28,141.47,948.75,73.32,-0.39384354987128234,1.7742,62.4,3,40.0,-33029.71999999997,8256.190000000031,-41285.91,-500.0600761368118,Saturday,2025-03
2025-03-23,2,1,1,64.31,115.5,51.19,14.87,0.16610848232242859,1.102,52.5,1,50.0,-32965.409999999974,8256.190000000031,-41221.600000000006,-499.28114541937447,Sunday,2025-03
2025-03-24,9,4,4,2741.17,5190.06,2448.89,234.11999999999998,0.26252414502539984,1.3266666666666667,169.44444444444446,5,44.44444444444444,-30224.239999999976,8256.190000000031,-38480.43000000001,-466.07975349404336,Monday,2025-03
2025-03-25,19,5,8,-1585.17,2237.15,3822.3199999999997,215.86,0.19931588013292564,1.470157894736842,254.89473684210526,11,42.10526315789473,-31809.409999999974,8256.190000000031,-40065.600000000006,-485.2795296619852,Tuesday,2025-03
2025-03-26,14,5,5,6891.21,12912.119999999999,6020.91,429.04,0.40045289146550267,1.3688571428571428,438.42857142857144,9,35.714285714285715,-24918.199999999975,8256.190000000031,-33174.39000000001,-401.81233716762665,Wednesday,2025-03
2025-03-27,12,4,3,406.76999999999987,3735.13,3328.36,224.58,-0.38148674434794017,1.319,573.9166666666666,9,25.0,-24511.429999999975,8256.190000000031,-32767.620000000006,-396.8854883426845,Thursday,2025-03
2025-03-28,11,4,4,501.32000000000005,2166.55,1665.23,176.56,-0.00787386894638849,1.2794545454545454,252.63636363636363,7,36.36363636363637,-24010.109999999975,8256.190000000031,-32266.300000000007,-390.8134381597309,Friday,2025-03
2025-03-29,5,1,0,-3856.44,0.0,3856.44,275.96,-1.0208962906857957,1.1454,199.8,5,0.0,-27866.549999999974,8256.190000000031,-36122.740000000005,-437.52311901736596,Saturday,2025-03
2025-03-31,11,4,4,-7244.21,1740.89,8985.1,384.77,-0.20211083078934913,1.2691818181818182,526.0909090909091,7,36.36363636363637,-35110.75999999997,8256.190000000031,-43366.950000000004,-525.2658914099583,Monday,2025-03
2025-04-01,8,3,3,570.7800000000001,3147.8500000000004,2577.0699999999997,285.75,0.05944863543986051,1.343125,36.0,5,37.5,-34539.979999999974,8256.190000000031,-42796.170000000006,-518.3525330691256,Tuesday,2025-04
2025-04-02,10,4,3,1051.49,1986.28,934.79,67.76,-0.038482118198902494,1.294,338.6,7,30.0,-33488.489999999976,8256.190000000031,-41744.68000000001,-505.6167554283495,Wednesday,2025-04
2025-04-03,10,4,2,-6093.860000000001,844.1500000000001,6938.01,245.27,-0.2737316417708589,1.5130000000000001,344.7,8,20.0,-39582.34999999998,8256.190000000031,-47838.54000000001,-579.426345566173,Thursday,2025-04
2025-04-04,12,6,4,-81.74000000000001,1036.9099999999999,1118.65,241.84999999999997,-0.3204594166511841,1.2120833333333334,340.8333333333333,8,33.33333333333333,-39664.089999999975,8256.190000000031,-47920.280000000006,-580.4163906111636,Friday,2025-04
2025-04-05,4,2,2,-116.30000000000001,244.25,360.55,20.91,0.0006641811035438261,0.9145,285.0,2,50.0,-39780.38999999998,8256.190000000031,-48036.58000000001,-581.8250306739528,Saturday,2025-04
2025-04-06,1,1,1,1524.47,1524.47,0.0,21.19,2.6629765859184458,1.486,54.0,0,100.0,-38255.91999999998,8256.190000000031,-46512.11000000001,-563.3604604545175,Sunday,2025-04
2025-04-07,15,3,7,2817.19,3944.1200000000003,1126.9299999999998,195.85999999999999,0.20771250613883163,1.5856666666666668,68.8,8,46.666666666666664,-35438.729999999974,8256.190000000031,-43694.920000000006,-529.2383048355215,Monday,2025-04
2025-04-08,24,7,8,569.5299999999996,9466.71,8897.18,652.01,-0.1870354283822685,1.735,395.0416666666667,16,33.33333333333333,-34869.199999999975,8256.190000000031,-43125.39000000001,-522.3400866501357,Tuesday,2025-04
2025-04-09,11,4,2,-5.1099999999999,1665.8600000000001,1670.97,121.33,-0.3490944022299532,1.899,240.0,9,18.181818181818183,-34874.309999999976,8256.190000000031,-43130.50000000001,-522.4019796056031,Wednesday,2025-04
2025-04-10,11,4,4,872.03,2094.68,1222.65,109.04,0.24548997964837158,1.0750000000000002,44.0,7,36.36363636363637,-34002.27999999998,8256.190000000031,-42258.47000000001,-511.8398438020424,Thursday,2025-04
2025-04-11,6,3,2,-295.28,366.74,662.02,59.39,-0.22284987894213745,1.397,55.5,4,33.33333333333333,-34297.559999999976,8256.190000000031,-42553.75000000001,-515.4163118823556,Friday,2025-04
2025-04-12,5,2,2,-998.4,478.60999999999996,1477.01,121.77999999999999,-0.18361749481204742,0.9616,54.2,3,40.0,-35295.95999999998,8256.190000000031,-43552.15000000001,-527.5090568409864,Saturday,2025-04
2025-04-13,4,2,2,2561.86,3109.33,547.47,47.010000000000005,0.8681906728981328,1.1837499999999999,190.5,2,50.0,-32734.099999999977,8256.190000000031,-40990.29000000001,-496.47948993421727,Sunday,2025-04
2025-04-14,13,4,6,7762.2,10648.86,2886.66,347.1,0.46898958669910884,1.279923076923077,55.84615384615385,7,46.15384615384615,-24971.899999999976,8256.190000000031,-33228.09000000001,-402.4627582456301,Monday,2025-04
2025-04-15,21,6,11,-123.6200000000002,3618.6899999999996,3742.31,645.24,0.4386799908285546,1.2672380952380953,156.0952380952381,10,52.38095238095239,-25095.519999999975,8256.190000000031,-33351.71000000001,-403.9600590587169,Tuesday,2025-04
2025-04-16,11,4,3,3130.0499999999997,5825.05,2695.0,240.63000000000002,0.04162089910954408,1.3237272727272726,209.0909090909091,8,27.27272727272727,-21965.469999999976,8256.190000000031,-30221.660000000007,-366.04850421320117,Wednesday,2025-04
2025-04-17,4,2,2,888.14,1063.6000000000001,175.46,22.74,0.27855524220085515,1.6575,165.25,2,50.0,-21077.329999999976,8256.190000000031,-29333.520000000008,-355.2912420862395,Thursday,2025-04
2025-04-18,12,3,4,-450.46,1236.0,1686.46,172.05,-0.15219538393909454,1.5903333333333334,162.33333333333334,8,33.33333333333333,-21527.789999999975,8256.190000000031,-29783.980000000007,-360.7472696243654,Friday,2025-04
2025-04-19,4,3,1,-2145.25,60.02,2205.27,89.69,-0.5761121388493458,0.825,94.0,3,25.0,-23673.039999999975,8256.190000000031,-31929.230000000007,-386.73080440251357,Saturday,2025-04
2025-04-20,6,2,2,-329.48,433.71000000000004,763.19,51.06,-0.2890873831951132,1.0556666666666665,77.16666666666667,4,33.33333333333333,-24002.519999999975,8256.190000000031,-32258.710000000006,-390.72150713585665,Sunday,2025-04
2025-04-21,10,5,3,-1738.46,986.27,2724.73,145.19,-0.07297767106936415,1.5525,162.8,7,30.0,-25740.979999999974,8256.190000000031,-33997.170000000006,-411.77795084657544,Monday,2025-04
2025-04-22,10,5,5,-2362.31,2363.2,4725.51,182.71,0.33246663454804937,1.1492,384.5,5,50.0,-28103.289999999975,8256.190000000031,-36359.48000000001,-440.390543337785,Tuesday,2025-04
2025-04-23,20,8,7,-1555.6299999999999,3923.44,5479.07,472.87,-0.018932745086519043,1.4402000000000001,96.1,13,35.0,-29658.919999999976,8256.190000000031,-37915.11000000001,-459.23252735220314,Wednesday,2025-04
2025-04-24,23,6,11,944.9399999999997,6343.62,5398.68,515.71,0.2788825612027193,1.5030000000000001,268.9130434782609,12,47.82608695652174,-28713.979999999978,8256.190000000031,-36970.17000000001,-447.7872965617297,Thursday,2025-04
2025-04-25,5,3,0,-1009.98,0.0,1009.98,72.27,-0.8515601505427253,1.3762,36.8,5,0.0,-29723.959999999977,8256.190000000031,-37980.15000000001,-460.0202999204217,Friday,2025-04
2025-04-27,2,1,0,-841.5699999999999,0.0,841.5699999999999,112.56,-0.7500903839893831,1.5495,3.0,2,0.0,-30565.529999999977,8256.190000000031,-38821.72000000001,-470.2135004160498,Sunday,2025-04
2025-04-28,15,4,4,-730.4300000000001,1207.35,1937.78,149.39000000000001,-0.13578066691956028,1.5196,201.33333333333334,11,26.666666666666668,-31295.959999999977,8256.190000000031,-39552.15000000001,-479.0605594105739,Monday,2025-04
2025-04-29,23,6,12,4754.84,9247.3,4492.46,942.54,0.7201698327973698,1.3735217391304348,109.30434782608695,11,52.17391304347826,-26541.119999999977,8256.190000000031,-34797.31000000001,-421.4693460300681,Tuesday,2025-04
2025-04-30,16,5,8,2574.15,6690.79,4116.64,377.54999999999995,0.23053121876111335,1.2463125,549.5625,8,50.0,-23966.969999999976,8256.190000000031,-32223.160000000007,-390.29092111494384,Wednesday,2025-04
2025-05-01,21,6,7,-1845.1399999999999,5612.16,7457.3,938.95,-0.10080040017638273,1.012904761904762,306.4761904761905,14,33.33333333333333,-25812.109999999975,8256.190000000031,-34068.3,-412.6394862521317,Thursday,2025-05
2025-05-02,16,6,4,1412.84,3886.1099999999997,2473.27,225.28,-0.1629204811510625,1.23,529.4375,12,25.0,-24399.269999999975,8256.190000000031,-32655.460000000006,-395.5269924747357,Friday,2025-05
2025-05-03,1,1,1,438.23,438.23,0.0,15.33,1.0434873949125019,1.073,30.0,0,100.0,-23961.039999999975,8256.190000000031,-32217.230000000007,-390.2190962175033,Saturday,2025-05
2025-05-04,4,1,1,214.50999999999993,436.08,221.57,22.9,-0.13700083673329022,1.9409999999999998,269.5,3,25.0,-23746.529999999977,8256.190000000031,-32002.72000000001,-387.62092442155387,Sunday,2025-05
2025-05-05,14,5,2,-1738.8,438.98,2177.78,139.55,-0.5267295720906761,1.423,176.21428571428572,12,14.285714285714285,-25485.329999999976,8256.190000000031,-33741.520000000004,-408.6814862545542,Monday,2025-05
2025-05-06,13,4,4,-768.2599999999998,2255.04,3023.3,231.43,-0.2976475985516112,1.2462307692307693,302.46153846153845,9,30.76923076923077,-26253.589999999975,8256.190000000031,-34509.780000000006,-417.98674691352636,Tuesday,2025-05
2025-05-07,17,6,5,901.1099999999999,2948.57,2047.46,300.85,-0.3062018437565398,1.5972941176470588,118.88235294117646,12,29.411764705882355,-25352.479999999974,8256.190000000031,-33608.670000000006,-407.0723905336466,Wednesday,2025-05
2025-05-08,17,5,5,3080.7600000000007,9685.32,6604.5599999999995,572.85,-0.09589417877621051,1.1609411764705884,554.6470588235294,12,29.411764705882355,-22271.719999999972,8256.190000000031,-30527.910000000003,-369.75784229771705,Thursday,2025-05
2025-05-09,16,4,6,1272.8700000000003,7846.16,6573.29,733.78,0.04208685808038361,1.0271875,134.5,10,37.5,-20998.849999999973,8256.190000000031,-29255.040000000005,-354.3406825666548,Friday,2025-05
2025-05-10,7,3,3,136.9799999999999,2425.73,2288.75,177.0,0.37109377627205126,1.1300000000000001,434.57142857142856,4,42.857142857142854,-20861.869999999974,8256.190000000031,-29118.060000000005,-352.6815637721503,Saturday,2025-05
2025-05-11,2,1,0,-533.35,0.0,533.35,20.270000000000003,-1.0393847364695759,0.66,271.5,2,0.0,-21395.219999999972,8256.190000000031,-29651.410000000003,-359.1415652982779,Sunday,2025-05
2025-05-12,14,5,4,-1595.2800000000002,1533.26,3128.54,242.78,-0.41911769694071266,1.2794285714285714,209.78571428571428,10,28.57142857142857,-22990.49999999997,8256.190000000031,-31246.690000000002,-378.46379504347505,Monday,2025-05
2025-05-13,21,4,6,-929.9099999999999,9072.32,10002.23,617.63,-0.11296318949662368,1.0684761904761904,333.0,15,28.57142857142857,-23920.40999999997,8256.190000000031,-32176.600000000002,-389.72698060485385,Tuesday,2025-05
2025-05-14,12,4,4,-403.14,611.71,1014.85,68.98,-0.16077092725032635,1.4277499999999999,152.75,8,33.33333333333333,-24323.54999999997,8256.190000000031,-32579.74,-394.60986241837793,Wednesday,2025-05
2025-05-15,18,6,6,748.3999999999999,3282.66,2534.26,195.51,-0.042716890372248205,1.1215000000000002,223.38888888888889,12,33.33333333333333,-23575.14999999997,8256.190000000031,-31831.34,-385.5451485491477,Thursday,2025-05
2025-05-16,7,3,2,-2954.3900000000003,589.38,3543.77,305.36,-0.5250963232940643,1.3935714285714285,227.14285714285714,5,28.57142857142857,-26529.539999999968,8256.190000000031,-34785.729999999996,-421.3290876300069,Friday,2025-05
2025-05-18,4,1,3,5264.68,6476.79,1212.11,275.93,1.2505079081597688,0.81925,329.5,1,75.0,-21264.859999999968,8256.190000000031,-29521.05,-357.56262876702067,Sunday,2025-05
2025-05-19,6,4,4,1673.95,2269.41,595.46,430.9,0.6067084759845008,0.8180000000000001,91.83333333333333,2,66.66666666666666,-19590.909999999967,8256.190000000031,-27847.1,-337.2875381986109,Monday,2025-05
2025-05-20,16,7,7,1706.69,5035.42,3328.73,186.59,0.2867515323885184,1.227125,691.875,9,43.75,-17884.21999999997,8256.190000000031,-26140.41,-316.6158966787332,Tuesday,2025-05
2025-05-21,11,5,3,-945.98,3289.95,4235.93,199.9,-0.1458679274219971,1.1936363636363636,138.0,8,27.27272727272727,-18830.199999999968,8256.190000000031,-27086.39,-328.0737240785386,Wednesday,2025-05
2025-05-22,23,8,13,6385.05,9403.77,3018.7200000000003,302.74,0.7191669007117639,1.220913043478261,212.43478260869566,10,56.52173913043478,-12445.149999999969,8256.190000000031,-20701.34,-250.73720444902457,Thursday,2025-05
2025-05-23,22,6,6,-678.8800000000001,4890.54,5569.42,430.59000000000003,-0.31832247385785434,1.7074999999999998,194.0909090909091,16,27.27272727272727,-13124.02999999997,8256.190000000031,-21380.22,-258.95988343291424,Friday,2025-05
2025-05-24,15,2,3,-3101.2200000000003,510.76,3611.98,196.08,-0.3168132018684888,1.4736,112.53333333333333,12,20.0,-16225.24999999997,8256.190000000031,-24481.440000000002,-296.5222457332003,Saturday,2025-05
2025-05-25,3,1,0,-247.36,0.0,247.36,8.940000000000001,-1.0392005707798933,1.3499999999999999,76.0,3,0.0,-16472.60999999997,8256.190000000031,-24728.800000000003,-299.51830081429705,Sunday,2025-05
2025-05-26,13,6,5,4406.860000000001,8325.98,3919.12,391.43,0.3400774295965986,1.1659230769230768,120.15384615384616,8,38.46153846153847,-12065.74999999997,8256.190000000031,-20321.940000000002,-246.14186446774994,Monday,2025-05
2025-05-27,14,6,8,1971.3999999999999,3293.7799999999997,1322.38,150.27,0.5629748197800662,1.6301428571428571,413.0,6,57.14285714285714,-10094.349999999971,8256.190000000031,-18350.54,-222.26402250917107,Tuesday,2025-05
2025-05-28,15,6,4,-5718.11,1120.98,6839.09,439.03,-0.3555038530828542,1.5322666666666669,178.46666666666667,11,26.666666666666668,-15812.45999999997,8256.190000000031,-24068.65,-291.5224819196253,Wednesday,2025-05
2025-05-29,19,8,7,6310.24,10711.939999999999,4401.7,468.78,0.21101412146803214,1.1642631578947369,356.05263157894734,12,36.84210526315789,-9502.21999999997,8256.190000000031,-17758.410000000003,-215.09207031330357,Thursday,2025-05
2025-05-30,15,6,4,-2883.34,539.53,3422.87,170.67,-0.4119638542956024,1.3136666666666668,277.53333333333336,11,26.666666666666668,-12385.55999999997,8256.190000000031,-20641.75,-250.015442958555,Friday,2025-05
2025-05-31,1,1,1,931.33,931.33,0.0,7.32,2.4423349680677213,0.759,830.0,0,100.0,-11454.22999999997,8256.190000000031,-19710.420000000002,-238.73505818058845,Saturday,2025-05
2025-06-01,2,1,0,-233.13,0.0,233.13,9.399999999999999,-1.0411525315482217,1.6905,224.5,2,0.0,-11687.35999999997,8256.190000000031,-19943.550000000003,-241.5587577320765,Sunday,2025-06
2025-06-02,19,5,7,-2458.06,6901.490000000001,9359.550000000001,535.11,-0.003582309826282165,1.3400526315789474,247.21052631578948,12,36.84210526315789,-14145.41999999997,8256.190000000031,-22401.61,-271.3310861305265,Monday,2025-06
2025-06-03,9,2,3,-1327.6699999999998,977.27,2304.94,92.92,-0.2089053878215259,1.860666666666667,70.0,6,33.33333333333333,-15473.08999999997,8256.190000000031,-23729.28,-287.41199027638544,Tuesday,2025-06
2025-06-04,16,5,3,-1421.4100000000003,3120.0699999999997,4541.48,221.96,-0.4026826667137627,1.291875,152.75,13,18.75,-16894.49999999997,8256.190000000031,-25150.690000000002,-304.6282849595262,Wednesday,2025-06
2025-06-05,8,3,1,-3780.4700000000003,1975.01,5755.48,318.37,-0.7680210127305761,1.134625,92.875,7,12.5,-20674.969999999972,8256.190000000031,-28931.160000000003,-350.41780772971424,Thursday,2025-06
2025-06-06,22,7,8,2504.57,6438.61,3934.04,560.56,-0.0530065431692829,1.226590909090909,187.04545454545453,14,36.36363636363637,-18170.399999999972,8256.190000000031,-26426.590000000004,-320.0821444273921,Friday,2025-06
2025-06-09,16,7,6,358.98000000000013,2970.17,2611.19,218.44,-0.023434617712394162,1.35675,304.875,10,37.5,-17811.419999999973,8256.190000000031,-26067.610000000004,-315.7341340254997,Monday,2025-06
2025-06-10,15,6,8,11025.4,13853.35,2827.9500000000003,590.72,0.5398275213461817,1.1562666666666668,394.73333333333335,7,53.333333333333336,-6786.019999999973,8256.190000000031,-15042.210000000005,-182.19311813318186,Tuesday,2025-06
2025-06-11,6,4,4,2876.2999999999997,3317.3599999999997,441.06,98.61,1.1885698550495094,1.0225,201.5,2,66.66666666666666,-3909.7199999999734,8256.190000000031,-12165.910000000005,-147.3550148434079,Wednesday,2025-06
2025-06-12,8,1,2,-399.86,244.73,644.5899999999999,50.13,-0.23622697478067384,1.714125,135.25,6,25.0,-4309.579999999974,8256.190000000031,-12565.770000000004,-152.1981688890391,Thursday,2025-06
2025-06-13,13,5,6,-375.02,3097.57,3472.59,220.2,0.18011515552712123,1.0746153846153847,410.0,7,46.15384615384615,-4684.599999999973,8256.190000000031,-12940.790000000005,-156.74045776562744,Friday,2025-06
2025-06-15,11,3,5,-374.1299999999999,8334.33,8708.46,773.0699999999999,0.03656613364587047,1.5296363636363637,262.72727272727275,6,45.45454545454545,-5058.729999999973,8256.190000000031,-13314.920000000006,-161.2719668515375,Sunday,2025-06
2025-06-16,25,7,12,3486.6499999999996,7946.03,4459.38,391.67,0.1240537252843702,1.02136,57.28,13,48.0,-1572.0799999999736,8256.190000000031,-9828.270000000004,-119.04122846010043,Monday,2025-06
2025-06-17,16,4,3,-5079.41,505.74,5585.15,256.09999999999997,-0.48681919230883347,1.222875,236.0,13,18.75,-6651.489999999973,8256.190000000031,-14907.680000000004,-180.5636740433535,Tuesday,2025-06
2025-06-18,25,8,7,2882.33,8465.130000000001,5582.8,348.14,-0.22332849139272462,1.5266399999999998,144.6,18,28.000000000000004,-3769.1599999999735,8256.190000000031,-12025.350000000006,-145.6525346437032,Wednesday,2025-06
2025-06-19,17,6,4,-1129.3799999999999,2713.81,3843.19,355.57,-0.32728917421792825,1.6665294117647058,328.6470588235294,13,23.52941176470588,-4898.539999999974,8256.190000000031,-13154.730000000005,-159.33172565069304,Thursday,2025-06
2025-06-20,11,5,3,-765.62,228.93,994.55,88.17999999999999,-0.18183152447169612,1.1807272727272726,310.90909090909093,8,27.27272727272727,-5664.1599999999735,8256.190000000031,-13920.350000000006,-168.6050103013612,Friday,2025-06
2025-06-21,3,1,0,-227.51,0.0,227.51,13.01,-0.833336891037806,1.288,136.33333333333334,3,0.0,-5891.669999999974,8256.190000000031,-14147.860000000004,-171.36063971395947,Saturday,2025-06
2025-06-22,6,1,2,-130.0,134.5,264.5,28.96,-0.28289219954350386,1.2566666666666666,385.6666666666667,4,33.33333333333333,-6021.669999999974,8256.190000000031,-14277.860000000004,-172.93521588044788,Sunday,2025-06
2025-06-23,26,6,5,-2868.4700000000003,723.06,3591.53,168.18,-0.49848035774846633,1.6156153846153847,138.96153846153845,21,19.230769230769234,-8890.139999999974,8256.190000000031,-17146.330000000005,-207.67848123650182,Monday,2025-06
2025-06-24,17,5,5,-3587.6,1150.7,4738.3,169.87,-0.18094798172308096,1.2279411764705883,235.35294117647058,12,29.411764705882355,-12477.739999999974,8256.190000000031,-20733.930000000008,-251.13193858183897,Tuesday,2025-06
2025-06-25,37,9,20,8444.92,13221.57,4776.65,763.62,0.5565095466120529,1.3830270270270268,379.1621621621622,17,54.054054054054056,-4032.8199999999742,8256.190000000031,-12289.010000000006,-148.84601735182886,Wednesday,2025-06
2025-06-26,9,6,6,4642.9800000000005,4841.860000000001,198.88,108.9,1.0689115370981777,1.1406666666666667,93.88888888888889,3,66.66666666666666,610.1600000000262,8256.190000000031,-7646.030000000005,-92.60966620196453,Thursday,2025-06
2025-06-27,18,9,6,322.29999999999984,5064.33,4742.03,392.17,-0.15113453066931162,1.2630555555555556,92.33333333333333,12,33.33333333333333,932.4600000000261,8256.190000000031,-7323.730000000005,-88.70592852150904,Friday,2025-06
2025-06-28,4,1,1,-1647.27,429.59,2076.86,83.75,-0.4167510728609257,0.96975,59.25,3,25.0,-714.8099999999739,8256.190000000031,-8971.000000000005,-108.657867612058,Saturday,2025-06
2025-06-29,8,1,6,8786.900000000001,9889.17,1102.27,283.5,1.5394962674397838,1.161875,513.625,2,75.0,8072.090000000027,8256.190000000031,-184.100000000004,-2.22984209423479,Sunday,2025-06
2025-06-30,6,4,1,-1475.77,118.93,1594.6999999999998,89.02,-0.549943935863582,1.8419999999999999,39.666666666666664,5,16.666666666666664,6596.320000000027,8256.190000000031,-1659.8700000000044,-20.10455185745481,Monday,2025-06
2025-07-01,18,5,6,2771.6099999999997,7995.7300000000005,5224.12,436.48999999999995,0.14113661227500213,1.8265555555555555,273.44444444444446,12,33.33333333333333,9367.930000000026,9367.930000000026,0.0,0.0,Tuesday,2025-07
2025-07-02,13,5,5,3691.9300000000003,7213.570000000001,3521.64,399.25,0.08603993420702624,1.3035384615384618,152.84615384615384,8,38.46153846153847,13059.860000000026,13059.860000000026,0.0,0.0,Wednesday,2025-07
2025-07-03,19,6,5,-5298.23,2103.5299999999997,7401.76,728.3100000000001,-0.2814287044395495,1.3220526315789474,116.63157894736842,14,26.31578947368421,7761.6300000000265,13059.860000000026,-5298.23,-40.56881161053785,Thursday,2025-07
2025-07-04,16,5,7,-1960.5399999999995,3420.54,5381.08,415.68,0.0068789591209603915,1.1549375,426.0625,9,43.75,5801.090000000027,13059.860000000026,-7258.769999999999,-55.58076426546673,Friday,2025-07
2025-07-06,8,2,3,-212.07999999999993,2124.92,2337.0,313.39,0.03043375699290149,1.029625,84.875,5,37.5,5589.0100000000275,13059.860000000026,-7470.8499999999985,-57.20467141301655,Sunday,2025-07
2025-07-07,14,6,3,2117.3400000000006,4599.650000000001,2482.31,249.22,-0.33522939612570984,1.182642857142857,300.7142857142857,11,21.428571428571427,7706.350000000028,13059.860000000026,-5353.509999999998,-40.99209333025,Monday,2025-07
2025-07-08,16,4,7,1126.93,2933.67,1806.74,262.19,0.031277732165453404,1.41975,115.3125,9,43.75,8833.280000000028,13059.860000000026,-4226.579999999998,-32.363134061161375,Tuesday,2025-07
2025-07-09,10,4,7,1717.8300000000002,2324.39,606.56,179.63,1.0106769040477204,1.3512,387.2,3,70.0,10551.110000000028,13059.860000000026,-2508.749999999998,-19.209623992906458,Wednesday,2025-07
2025-07-10,7,4,1,-2034.22,580.8,2615.02,174.45,-0.4926635772430257,0.8182857142857143,782.7142857142857,6,14.285714285714285,8516.890000000029,13059.860000000026,-4542.9699999999975,-34.785748086120286,Thursday,2025-07
2025-07-11,23,8,6,-8056.39,4144.889999999999,12201.28,1107.34,-0.18924316764010166,1.3108695652173912,70.73913043478261,17,26.08695652173913,460.5000000000282,13059.860000000026,-12599.359999999997,-96.47392851071889,Friday,2025-07
2025-07-12,2,2,0,-193.64000000000001,0.0,193.64000000000001,9.36,-0.8589093289535784,1.1724999999999999,133.0,2,0.0,266.8600000000282,13059.860000000026,-12792.999999999998,-97.95663965769903,Saturday,2025-07
2025-07-13,5,2,1,-298.22999999999985,2423.92,2722.15,264.82,-0.3407010540625548,0.85,32.4,4,20.0,-31.36999999997164,13059.860000000026,-13091.229999999998,-100.24020165606653,Sunday,2025-07
2025-07-14,18,5,9,4793.16,7904.91,3111.75,529.73,0.35448724189716657,1.250722222222222,88.27777777777777,9,50.0,4761.790000000028,13059.860000000026,-8298.069999999998,-63.538736249852455,Monday,2025-07
2025-07-15,26,6,13,-147.0200000000002,5145.64,5292.66,491.2,0.4597924711030635,1.1434615384615385,442.5769230769231,13,50.0,4614.770000000028,13059.860000000026,-8445.089999999998,-64.66447572944872,Tuesday,2025-07
2025-07-16,12,4,5,353.4999999999999,3822.5,3469.0,379.24,-0.05934183783040755,1.0736666666666668,435.8333333333333,7,41.66666666666667,4968.270000000028,13059.860000000026,-8091.589999999998,-61.957708581868275,Wednesday,2025-07
2025-07-17,9,5,4,1500.07,3116.25,1616.18,118.02,0.48102823024059327,1.1893333333333334,400.22222222222223,5,44.44444444444444,6468.340000000027,13059.860000000026,-6591.519999999999,-50.471597704722605,Thursday,2025-07
2025-07-18,12,6,6,1008.8,3650.01,2641.21,418.72,0.31542002095969823,1.184,211.25,6,50.0,7477.140000000028,13059.860000000026,-5582.719999999998,-42.74716574297111,Friday,2025-07
2025-07-19,2,1,0,-1860.94,0.0,1860.94,109.19,-1.1856723329827656,1.734,16.5,2,0.0,5616.200000000028,13059.860000000026,-7443.659999999998,-56.99647622562557,Saturday,2025-07
2025-07-20,2,1,0,-742.78,0.0,742.78,19.950000000000003,-1.0274087215747465,0.7975,254.0,2,0.0,4873.420000000028,13059.860000000026,-8186.439999999998,-62.683979767011145,Sunday,2025-07
2025-07-21,13,4,5,671.3600000000004,3643.9700000000003,2972.61,295.95,-0.1756477674464569,1.2059230769230769,70.46153846153847,8,38.46153846153847,5544.780000000029,13059.860000000026,-7515.079999999997,-57.5433427310858,Monday,2025-07
2025-07-22,22,7,4,-7611.84,1853.4499999999998,9465.29,677.3,-0.4357374357185991,1.1148636363636364,337.27272727272725,18,18.181818181818183,-2067.0599999999713,13059.860000000026,-15126.919999999998,-115.82758161266635,Tuesday,2025-07
2025-07-23,22,6,14,4013.6899999999996,9753.710000000001,5740.02,855.52,0.8218307594399089,1.4463636363636363,287.0,8,63.63636363636363,1946.6300000000283,13059.860000000026,-11113.229999999998,-85.09455690949194,Wednesday,2025-07
2025-07-24,11,6,4,633.3999999999999,4172.95,3539.55,278.54,0.04304716305730872,1.5165454545454544,129.72727272727272,7,36.36363636363637,2580.030000000028,13059.860000000026,-10479.829999999998,-80.24458148862222,Thursday,2025-07
2025-07-25,9,4,4,1094.16,5757.02,4662.86,744.14,0.34787390914656907,0.9296666666666668,680.4444444444445,5,44.44444444444444,3674.190000000028,13059.860000000026,-9385.669999999998,-71.86654374549175,Friday,2025-07
2025-07-26,7,1,2,111.06000000000006,4007.2799999999997,3896.2200000000003,355.75,0.0021348902290859568,1.048,255.57142857142858,5,28.57142857142857,3785.2500000000277,13059.860000000026,-9274.609999999999,-71.01615178110623,Saturday,2025-07
2025-07-27,10,3,3,-589.1700000000001,884.81,1473.98,104.99,0.022650812475170267,1.2146000000000001,192.6,7,30.0,3196.0800000000277,13059.860000000026,-9863.779999999999,-75.52745588390671,Sunday,2025-07
2025-07-28,12,4,5,-3111.4999999999995,3670.2999999999997,6781.8,368.46,-0.17377367725044005,1.3105,648.25,7,41.66666666666667,84.58000000002812,13059.860000000026,-12975.279999999999,-99.35236671756032,Monday,2025-07
2025-07-29,7,4,2,-1070.73,424.29999999999995,1495.03,137.54,-0.505408580838284,1.6252857142857142,555.8571428571429,5,28.57142857142857,-986.1499999999719,13059.860000000026,-14046.009999999998,-107.55099978100814,Tuesday,2025-07
2025-07-30,13,5,8,15437.61,17814.8,2377.19,492.67,0.863127823266092,0.9566153846153846,88.23076923076923,5,61.53846153846154,14451.460000000028,14451.460000000028,0.0,0.0,Wednesday,2025-07
2025-07-31,11,7,6,-2334.08,2167.09,4501.17,335.37,0.46402884068253647,1.2835454545454545,86.36363636363636,5,54.54545454545454,12117.380000000028,14451.460000000028,-2334.08,-16.15117088515621,Thursday,2025-07
2025-08-01,15,3,7,6219.900000000001,13201.29,6981.389999999999,779.75,0.36707838313338426,1.2507333333333333,158.0,8,46.666666666666664,18337.280000000028,18337.280000000028,0.0,0.0,Friday,2025-08
2025-08-04,12,6,2,-2463.44,1253.1299999999999,3716.5699999999997,265.49,-0.38230395906117404,1.0666666666666667,241.0,10,16.666666666666664,15873.840000000027,18337.280000000028,-2463.4400000000005,-13.434053469216792,Monday,2025-08
2025-08-05,13,5,3,-6048.09,2003.67,8051.76,863.47,-0.5461354921172705,1.0726923076923076,351.7692307692308,10,23.076923076923077,9825.750000000027,18337.280000000028,-8511.53,-46.41653505863459,Tuesday,2025-08
2025-08-06,15,4,3,-4076.82,216.94,4293.76,255.78,-0.5479826828818158,1.843,57.266666666666666,12,20.0,5748.930000000028,18337.280000000028,-12588.35,-68.64894902624589,Wednesday,2025-08
2025-08-07,8,4,2,-243.23000000000002,2769.25,3012.4799999999996,180.77,-0.2836682607561385,0.95,324.375,6,25.0,5505.700000000028,18337.280000000028,-12831.58,-69.97537257434026,Thursday,2025-08
2025-08-08,14,4,3,-2628.29,2961.13,5589.42,274.03,-0.2235435042075585,1.1067857142857143,589.7142857142857,11,21.428571428571427,2877.410000000028,18337.280000000028,-15459.869999999999,-84.30841433407777,Friday,2025-08
2025-08-09,2,1,1,2315.4999999999995,4647.73,2332.23,81.53999999999999,0.7869949741360228,1.057,200.0,1,50.0,5192.910000000027,18337.280000000028,-13144.37,-71.68113264344538,Saturday,2025-08
2025-08-10,3,1,0,-646.86,0.0,646.86,20.57,-1.0289129060127822,0.7183333333333334,224.0,3,0.0,4546.0500000000275,18337.280000000028,-13791.23,-75.2087005270137,Sunday,2025-08
2025-08-11,14,5,2,-1255.6100000000001,1305.63,2561.2400000000002,160.44,-0.5185829342899553,1.7470714285714286,122.07142857142857,12,14.285714285714285,3290.4400000000273,18337.280000000028,-15046.84,-82.05600830657534,Monday,2025-08
2025-08-12,16,5,7,2467.58,4541.26,2073.68,174.89000000000001,0.459113056776957,1.4616875,346.375,9,43.75,5758.020000000028,18337.280000000028,-12579.26,-68.59937787938004,Tuesday,2025-08
2025-08-13,18,5,7,-14.939999999999685,3582.8700000000003,3597.81,395.87,-0.16850734124051708,1.2743888888888888,82.27777777777777,11,38.88888888888889,5743.080000000028,18337.280000000028,-12594.2,-68.68085124947638,Wednesday,2025-08
2025-08-14,13,7,4,741.2500000000002,3824.5400000000004,3083.29,337.48,0.04638927495556754,1.2740769230769233,61.07692307692308,9,30.76923076923077,6484.330000000028,18337.280000000028,-11852.95,-64.6385396307412,Thursday,2025-08
2025-08-15,17,5,7,4006.19,5820.09,1813.9,231.55,0.4005445450597368,1.2095882352941176,334.70588235294116,10,41.17647058823529,10490.520000000028,18337.280000000028,-7846.76,-42.79129729163752,Friday,2025-08
2025-08-16,12,3,4,6665.94,7493.67,827.73,360.14,-0.14226656837672277,1.7419166666666666,90.83333333333333,8,33.33333333333333,17156.46000000003,18337.280000000028,-1180.8199999999997,-6.439450125645668,Saturday,2025-08
2025-08-17,2,2,1,-958.4000000000001,215.81,1174.21,53.35,-0.013716248817039145,1.162,58.5,1,50.0,16198.060000000029,18337.280000000028,-2139.2199999999993,-11.66596136395363,Sunday,2025-08
2025-08-18,7,3,3,-898.0000000000002,752.47,1650.4700000000003,64.26,0.4962084086163751,1.5775714285714284,131.71428571428572,4,42.857142857142854,15300.060000000029,18337.280000000028,-3037.2199999999993,-16.56308896412115,Monday,2025-08
2025-08-19,10,4,3,-1402.0700000000002,1922.6399999999999,3324.71,251.51999999999998,0.06327317756950399,1.4782,299.3,7,30.0,13897.990000000029,18337.280000000028,-4439.289999999999,-24.209097532458426,Tuesday,2025-08
2025-08-20,14,3,5,-1463.1399999999999,6947.24,8410.38,748.3,0.043062151011849105,0.9292142857142858,41.285714285714285,9,35.714285714285715,12434.85000000003,18337.280000000028,-5902.4299999999985,-32.188143497836045,Wednesday,2025-08
2025-08-21,23,4,8,3473.96,15675.67,12201.71,1077.55,-0.023092085630156613,1.0421739130434782,328.0,15,34.78260869565217,15908.81000000003,18337.280000000028,-2428.4699999999975,-13.243349068127847,Thursday,2025-08
2025-08-22,9,4,4,918.7199999999999,1726.8899999999999,808.1700000000001,58.71,0.48878422091048734,1.1037777777777777,176.55555555555554,5,44.44444444444444,16827.53000000003,18337.280000000028,-1509.7499999999964,-8.233227610637968,Friday,2025-08
2025-08-25,10,5,5,64.81000000000003,2364.61,2299.8,491.32,0.34889088670360013,1.3618999999999999,88.4,5,50.0,16892.340000000033,18337.280000000028,-1444.939999999995,-7.879794604216071,Monday,2025-08
2025-08-26,10,4,1,-1653.9,1105.45,2759.35,191.29,-0.7614917766345703,1.3834,253.1,9,10.0,15238.440000000033,18337.280000000028,-3098.8399999999947,-16.899125715482285,Tuesday,2025-08
2025-08-27,17,6,9,7199.17,9471.11,2271.94,1108.9299999999998,0.1948730622710834,1.4532941176470588,209.47058823529412,8,52.94117647058824,22437.610000000033,22437.610000000033,0.0,0.0,Wednesday,2025-08
2025-08-28,9,4,1,-1418.23,283.38,1701.6100000000001,87.94,-0.5457463224889686,0.9345555555555555,211.0,8,11.11111111111111,21019.380000000034,22437.610000000033,-1418.2299999999996,-6.320771240787221,Thursday,2025-08
2025-08-29,17,6,4,-3641.3399999999997,4155.13,7796.469999999999,633.5,-0.46775754346204496,1.258529411764706,288.8235294117647,13,23.52941176470588,17378.040000000034,22437.610000000033,-5059.57,-22.549505049780223,Friday,2025-08
2025-08-31,4,1,1,-504.15999999999997,638.12,1142.28,68.62,0.09096211407052052,1.24525,93.25,3,25.0,16873.880000000034,22437.610000000033,-5563.73,-24.79644668037278,Sunday,2025-08
2025-09-01,6,3,3,2247.44,3013.51,766.0699999999999,71.30000000000001,0.7876654168553344,0.8446666666666666,469.3333333333333,3,50.0,19121.320000000032,22437.610000000033,-3316.290000000001,-14.780050103375519,Monday,2025-09
2025-09-02,25,6,10,5821.8,11326.71,5504.91,1049.69,0.06314170832445382,1.1586,173.2,15,40.0,24943.12000000003,24943.12000000003,0.0,0.0,Tuesday,2025-09
2025-09-03,10,3,3,-1249.04,839.57,2088.6099999999997,142.59,-0.19676718882767077,1.1511,290.4,7,30.0,23694.08000000003,24943.12000000003,-1249.0400000000009,-5.007553185006524,Wednesday,2025-09
2025-09-04,8,4,3,7593.46,9255.470000000001,1662.01,282.59,0.4368556387508309,0.7975,46.125,5,37.5,31287.54000000003,31287.54000000003,0.0,0.0,Thursday,2025-09
2025-09-05,8,2,2,-1381.3799999999999,727.13,2108.5099999999998,124.69,-0.5656410938221774,1.33425,380.125,6,25.0,29906.16000000003,31287.54000000003,-1381.380000000001,-4.415112213999565,Friday,2025-09
2025-09-07,11,3,3,-495.28,1427.21,1922.49,146.81,-0.45331458763884064,1.7635454545454545,257.45454545454544,8,27.27272727272727,29410.88000000003,31287.54000000003,-1876.6599999999999,-5.998106594510141,Sunday,2025-09
2025-09-08,6,2,3,-671.6099999999997,2689.12,3360.7299999999996,347.1,0.23134778158065764,1.42,37.333333333333336,3,50.0,28739.27000000003,31287.54000000003,-2548.2700000000004,-8.144679958859015,Monday,2025-09
2025-09-09,16,6,6,71.67999999999984,4522.02,4450.34,312.29,0.04211062328560897,1.4337499999999999,418.8125,10,37.5,28810.95000000003,31287.54000000003,-2476.59,-7.915579173050991,Tuesday,2025-09
2025-09-10,18,5,7,7313.530000000001,13208.81,5895.28,734.4399999999999,0.23433788223095955,1.2405555555555554,229.5,11,38.88888888888889,36124.48000000003,36124.48000000003,0.0,0.0,Wednesday,2025-09
2025-09-11,12,4,5,1339.3599999999997,6295.36,4956.0,185.12,0.3450716880585043,1.0874166666666667,679.5833333333334,7,41.66666666666667,37463.84000000003,37463.84000000003,0.0,0.0,Thursday,2025-09
2025-09-12,14,6,6,-1732.1099999999997,2827.21,4559.32,227.28,0.2856580665333136,1.266857142857143,321.07142857142856,8,42.857142857142854,35731.73000000003,37463.84000000003,-1732.1100000000006,-4.623418208064094,Friday,2025-09
2025-09-13,2,1,1,-81.58999999999999,50.89,132.48,7.03,0.05155267111166928,1.6305,17.5,1,50.0,35650.140000000036,37463.84000000003,-1813.699999999997,-4.841201542607473,Saturday,2025-09
2025-09-15,17,5,3,-3695.2799999999997,2560.84,6256.12,240.09,-0.31827047228316147,1.1785294117647058,294.4117647058824,14,17.647058823529413,31954.860000000037,37463.84000000003,-5508.979999999996,-14.704792674749815,Monday,2025-09
2025-09-16,8,3,3,1592.47,1942.65,350.18,38.49,0.2553572509006595,1.438,140.25,5,37.5,33547.33000000004,37463.84000000003,-3916.5099999999948,-10.454107213782654,Tuesday,2025-09
2025-09-17,15,6,5,8979.789999999999,13280.91,4301.12,467.37,-0.08150358847309089,1.1976,150.6,10,33.33333333333333,42527.12000000004,42527.12000000004,0.0,0.0,Wednesday,2025-09
2025-09-18,17,4,6,1490.04,4742.58,3252.54,252.96,-0.08154885450001975,1.4371176470588236,417.8235294117647,11,35.294117647058826,44017.16000000004,44017.16000000004,0.0,0.0,Thursday,2025-09
2025-09-19,5,4,2,236.6400000000001,1170.67,934.03,116.89,0.10679584420257208,1.061,133.2,3,40.0,44253.80000000004,44253.80000000004,0.0,0.0,Friday,2025-09
2025-09-21,3,1,3,337.51,337.51,0.0,6.6,2.1172864282830735,1.1406666666666667,482.0,0,100.0,44591.31000000004,44591.31000000004,0.0,0.0,Sunday,2025-09
2025-09-22,12,5,3,-3814.18,5170.93,8985.11,548.63,-0.23356563285176624,1.10125,65.25,9,25.0,40777.13000000004,44591.31000000004,-3814.1800000000003,-8.553639711414617,Monday,2025-09
2025-09-23,11,5,3,5116.349999999999,7640.339999999999,2523.99,282.69,-0.07949802304402617,1.2980909090909092,145.27272727272728,8,27.27272727272727,45893.48000000004,45893.48000000004,0.0,0.0,Tuesday,2025-09
2025-09-24,21,5,6,-131.76000000000005,3079.64,3211.4,231.78,-0.14497254743357918,1.0077142857142856,483.0952380952381,15,28.57142857142857,45761.72000000004,45893.48000000004,-131.76000000000204,-0.287099605434153,Wednesday,2025-09
2025-09-25,11,5,5,106.18999999999983,4468.93,4362.740000000001,192.79,0.2436335805160555,1.1547272727272728,337.90909090909093,6,45.45454545454545,45867.91000000004,45893.48000000004,-25.56999999999971,-0.05571597534115889,Thursday,2025-09
2025-09-26,8,3,4,-2032.79,336.57,2369.36,228.24,0.4228887686856723,1.10325,111.875,4,50.0,43835.12000000004,45893.48000000004,-2058.3600000000006,-4.485081540994491,Friday,2025-09
2025-09-27,4,2,1,-92.63000000000005,451.5,544.1300000000001,35.92,0.04297781849251914,0.9444999999999999,43.25,3,25.0,43742.49000000004,45893.48000000004,-2150.989999999998,-4.686918490382504,Saturday,2025-09
2025-09-28,3,1,1,-610.24,862.08,1472.3200000000002,138.21,-0.2896287732066647,1.1253333333333333,36.333333333333336,2,33.33333333333333,43132.250000000044,45893.48000000004,-2761.229999999996,-6.016606280456382,Sunday,2025-09
2025-09-29,2,2,1,578.01,978.27,400.26,42.290000000000006,-0.16874602280730733,0.6869999999999999,120.5,1,50.0,43710.260000000046,45893.48000000004,-2183.219999999994,-4.757146331025653,Monday,2025-09
2025-09-30,13,5,4,1749.5,4901.0,3151.5,275.93,-0.08189747018554808,0.9503846153846154,84.0,9,30.76923076923077,45459.760000000046,45893.48000000004,-433.7199999999939,-0.9450579908082661,Tuesday,2025-09
2025-10-01,11,3,6,2550.1800000000003,4555.51,2005.33,181.34,0.6988722012264922,1.1049090909090908,158.72727272727272,5,54.54545454545454,48009.940000000046,48009.940000000046,0.0,0.0,Wednesday,2025-10
2025-10-02,4,2,1,1150.1899999999998,3898.1,2747.91,180.69,-0.3598686819183668,0.97125,80.0,3,25.0,49160.13000000005,49160.13000000005,0.0,0.0,Thursday,2025-10
2025-10-03,5,3,0,-3373.77,0.0,3373.77,119.82,-1.0834552747931265,1.4427999999999999,341.6,5,0.0,45786.36000000005,49160.13000000005,-3373.769999999997,-6.862817490515166,Friday,2025-10
2025-10-04,5,1,1,-436.87,28.29,465.16,23.21,-0.6821950001005932,2.0676,76.4,4,20.0,45349.49000000005,49160.13000000005,-3810.6399999999994,-7.751484790621984,Saturday,2025-10
2025-10-05,6,2,1,-740.0,1135.75,1875.75,202.18,-0.4945677270477535,1.2035,52.666666666666664,5,16.666666666666664,44609.49000000005,49160.13000000005,-4550.639999999999,-9.256769662732777,Sunday,2025-10
2025-10-06,5,3,3,1176.0200000000002,2134.56,958.54,177.54,0.05979209825444544,0.9722,248.2,2,60.0,45785.510000000046,49160.13000000005,-3374.6200000000026,-6.86454653394936,Monday,2025-10
2025-10-07,21,7,12,14096.84,19984.47,5887.63,1336.74,0.5513737306796298,1.2666666666666668,229.95238095238096,9,57.14285714285714,59882.35000000005,59882.35000000005,0.0,0.0,Tuesday,2025-10
2025-10-08,13,5,6,4045.62,6935.84,2890.2200000000003,358.99,0.3524603782698777,1.3600769230769232,479.0769230769231,7,46.15384615384615,63927.97000000005,63927.97000000005,0.0,0.0,Wednesday,2025-10
2025-10-09,2,1,1,-20.899999999999977,165.83,186.73,25.6,-0.035612362112932616,1.237,186.0,1,50.0,63907.07000000005,63927.97000000005,-20.900000000001455,-0.032693045000492645,Thursday,2025-10
2025-10-10,13,5,4,-1157.09,2932.62,4089.71,251.82,-0.3180731381271338,1.3145384615384614,345.38461538461536,9,30.76923076923077,62749.980000000054,63927.97000000005,-1177.989999999998,-1.8426832574223724,Friday,2025-10
2025-10-11,3,1,0,-5231.97,0.0,5231.97,249.38,-1.061571142812851,0.7576666666666666,38.333333333333336,3,0.0,57518.01000000005,63927.97000000005,-6409.959999999999,-10.026847403413552,Saturday,2025-10
2025-10-12,1,1,0,-242.99,0.0,242.99,7.2,-1.0305145091083878,0.795,40.0,1,0.0,57275.020000000055,63927.97000000005,-6652.949999999997,-10.406947068708723,Sunday,2025-10
2025-10-13,10,4,3,-1261.6699999999998,3102.08,4363.75,248.26,-0.15313170959674616,1.3279,103.9,7,30.0,56013.35000000006,63927.97000000005,-7914.619999999995,-12.380527646975164,Monday,2025-10
2025-10-14,13,4,6,3307.57,5209.33,1901.7600000000002,317.54,0.19363868966855577,1.0497692307692308,96.76923076923077,7,46.15384615384615,59320.92000000006,63927.97000000005,-4607.049999999996,-7.206626457871244,Tuesday,2025-10
2025-10-15,15,5,9,5386.42,7684.28,2297.86,343.6,0.5467716674840705,1.3792,68.06666666666666,6,60.0,64707.340000000055,64707.340000000055,0.0,0.0,Wednesday,2025-10
2025-10-16,15,4,8,5857.94,7772.419999999999,1914.48,238.25,0.5546333955319922,1.5150666666666666,124.13333333333334,7,53.333333333333336,70565.28000000006,70565.28000000006,0.0,0.0,Thursday,2025-10
2025-10-17,11,4,7,7751.320000000001,8681.64,930.3199999999999,197.51999999999998,1.38698118928521,1.0088181818181818,252.9090909090909,4,63.63636363636363,78316.60000000006,78316.60000000006,0.0,0.0,Friday,2025-10
2025-10-18,2,1,1,144.08,223.55,79.47,5.67,0.73482339566759,1.3035,853.0,1,50.0,78460.68000000007,78460.68000000007,0.0,0.0,Saturday,2025-10
2025-10-19,6,1,3,3158.0199999999995,11071.84,7913.82,817.54,0.36428242593599774,1.0685,592.0,3,50.0,81618.70000000007,81618.70000000007,0.0,0.0,Sunday,2025-10
2025-10-20,10,5,2,-4668.81,1351.8899999999999,6020.7,306.96999999999997,-0.4296161327534705,1.4339,127.9,8,20.0,76949.89000000007,81618.70000000007,-4668.809999999998,-5.720269987147546,Monday,2025-10
2025-10-21,11,4,6,3075.62,5779.11,2703.49,325.44,0.3677693679487422,1.0485454545454547,67.45454545454545,5,54.54545454545454,80025.51000000007,81618.70000000007,-1593.1900000000023,-1.9519913941290428,Tuesday,2025-10
2025-10-22,8,4,2,-4552.49,1936.3100000000002,6488.8,329.33,-0.22705029932615062,0.974,610.5,6,25.0,75473.02000000006,81618.70000000007,-6145.680000000008,-7.529745021667831,Wednesday,2025-10
2025-10-23,3,1,3,20005.6,20005.6,0.0,251.48000000000002,2.338128835953617,1.087,249.66666666666666,0,100.0,95478.62000000005,95478.62000000005,0.0,0.0,Thursday,2025-10
2025-10-24,10,3,3,3725.6,8601.98,4876.38,306.95,0.21247977044592856,1.2036,348.4,7,30.0,99204.22000000006,99204.22000000006,0.0,0.0,Friday,2025-10
2025-10-25,6,1,4,2526.74,3015.14,488.4,83.09,1.4314871427783802,1.468,86.0,2,66.66666666666666,101730.96000000006,101730.96000000006,0.0,0.0,Saturday,2025-10
2025-10-26,3,2,1,152.51999999999995,598.39,445.87,44.36,-0.059324839894422755,0.8333333333333334,24.0,2,33.33333333333333,101883.48000000007,101883.48000000007,0.0,0.0,Sunday,2025-10
2025-10-27,6,2,3,161.85999999999999,572.21,410.35,32.75,0.49561987759715437,0.8916666666666666,52.333333333333336,3,50.0,102045.34000000007,102045.34000000007,0.0,0.0,Monday,2025-10
2025-10-28,6,4,1,-2196.2,980.45,3176.65,287.26,-0.3073209990801851,1.4138333333333335,93.16666666666667,5,16.666666666666664,99849.14000000007,102045.34000000007,-2196.199999999997,-2.1521805895301007,Tuesday,2025-10
2025-10-29,17,5,6,30.849999999999923,2543.63,2512.78,198.55,-0.11103563837516951,1.3698235294117647,87.29411764705883,11,35.294117647058826,99879.99000000008,102045.34000000007,-2165.3499999999913,-2.121948929760036,Wednesday,2025-10
2025-10-30,12,5,2,-581.8499999999999,3402.48,3984.33,127.97,-0.26417669316186526,1.2154166666666668,518.3333333333334,10,16.666666666666664,99298.14000000007,102045.34000000007,-2747.199999999997,-2.6921366521979304,Thursday,2025-10
2025-10-31,20,4,9,4467.91,5980.6,1512.69,309.29,0.20757487361079754,1.2568,137.55,11,45.0,103766.05000000008,103766.05000000008,0.0,0.0,Friday,2025-10
2025-11-01,3,2,0,-4298.85,0.0,4298.85,110.63,-0.7894691229231802,1.1693333333333333,38.666666666666664,3,0.0,99467.20000000007,103766.05000000008,-4298.850000000006,-4.142828988864858,Saturday,2025-11
2025-11-02,8,3,2,-1852.8799999999999,1252.5900000000001,3105.47,213.04,-0.29107524014325875,1.4775,57.875,6,25.0,97614.32000000007,103766.05000000008,-6151.7300000000105,-5.9284611874500435,Sunday,2025-11
2025-11-03,12,6,4,3064.59,5294.41,2229.82,347.71,0.04933923821929956,1.1115833333333334,116.75,8,33.33333333333333,100678.91000000006,103766.05000000008,-3087.140000000014,-2.9750963826800882,Monday,2025-11
2025-11-04,3,1,3,771.48,771.48,0.0,39.230000000000004,1.1431689773900906,0.9196666666666666,49.666666666666664,0,100.0,101450.39000000006,103766.05000000008,-2315.660000000018,-2.231616217443004,Tuesday,2025-11
2025-11-05,20,6,3,-6340.06,1489.5,7829.56,894.31,-0.6884140005671122,1.3285500000000001,140.9,17,15.0,95110.33000000006,103766.05000000008,-8655.720000000016,-8.34157221943016,Wednesday,2025-11
2025-11-06,5,3,1,-1601.11,289.08,1890.1899999999998,290.13,-0.5267644585622782,1.4676,138.4,4,20.0,93509.22000000006,103766.05000000008,-10256.830000000016,-9.884572073428648,Thursday,2025-11
2025-11-07,20,5,5,1164.6499999999999,5622.27,4457.62,288.12,-0.30703264645683387,1.25135,75.3,15,25.0,94673.87000000005,103766.05000000008,-9092.180000000022,-8.762191487485566,Friday,2025-11
2025-11-08,19,4,5,-3710.52,1382.1,5092.62,292.1,-0.3191125022176653,1.1531052631578946,222.68421052631578,14,26.31578947368421,90963.35000000005,103766.05000000008,-12802.700000000026,-12.338043126822324,Saturday,2025-11
2025-11-10,14,4,7,6573.09,10326.07,3752.98,491.34000000000003,0.4707777456508624,1.3027142857142857,257.2857142857143,7,50.0,97536.44000000005,103766.05000000008,-6229.61000000003,-6.003514637012804,Monday,2025-11
2025-11-11,18,7,5,-1327.4800000000002,10262.24,11589.72,878.8399999999999,0.10559071614741729,1.044722222222222,510.94444444444446,13,27.77777777777778,96208.96000000005,103766.05000000008,-7557.090000000026,-7.28281552588734,Tuesday,2025-11
2025-11-12,19,4,8,3469.5400000000004,7243.73,3774.19,395.14,0.13050271117903178,1.581421052631579,123.15789473684211,11,42.10526315789473,99678.50000000004,103766.05000000008,-4087.550000000032,-3.939197839755902,Wednesday,2025-11
2025-11-13,8,4,3,-6339.23,4663.639999999999,11002.869999999999,412.61,0.16394636404922802,1.24375,505.375,5,37.5,93339.27000000005,103766.05000000008,-10426.780000000028,-10.04835396548295,Thursday,2025-11
2025-11-14,10,3,7,4056.34,5884.28,1827.94,261.24,1.107204559752401,1.2344,100.3,3,70.0,97395.61000000004,103766.05000000008,-6370.440000000031,-6.139233400519753,Friday,2025-11
2025-11-15,5,2,1,-2486.74,1455.41,3942.15,160.33,-0.13445712837662424,1.1725999999999999,382.2,4,20.0,94908.87000000004,103766.05000000008,-8857.180000000037,-8.535720498178383,Saturday,2025-11
2025-11-17,8,3,6,3199.55,3792.58,593.03,77.53,1.2225146155658198,1.1375,243.25,2,75.0,98108.42000000004,103766.05000000008,-5657.630000000034,-5.452293886102468,Monday,2025-11
2025-11-18,7,4,4,1068.5,3002.74,1934.24,285.81,0.3447737401541797,1.032,667.1428571428571,3,57.14285714285714,99176.92000000004,103766.05000000008,-4589.130000000034,-4.4225736645078335,Tuesday,2025-11
2025-11-19,9,3,4,3884.79,6503.469999999999,2618.68,211.35999999999999,0.6035915905498341,0.9413333333333332,110.55555555555556,5,44.44444444444444,103061.71000000004,103766.05000000008,-704.3400000000402,-0.6787769217388921,Wednesday,2025-11
2025-11-20,23,6,9,-1366.6000000000004,6088.23,7454.83,486.88,0.1665970594792028,1.268391304347826,101.8695652173913,14,39.130434782608695,101695.11000000003,103766.05000000008,-2070.940000000046,-1.9957780025355543,Thursday,2025-11
2025-11-21,14,5,7,4046.4900000000007,8112.330000000001,4065.84,336.94,0.43108971897357257,1.3112857142857144,183.35714285714286,7,50.0,105741.60000000003,105741.60000000003,0.0,0.0,Friday,2025-11
2025-11-24,15,6,6,1074.4700000000003,10142.66,9068.189999999999,817.22,0.2805885165789264,1.2988666666666666,410.6,9,40.0,106816.07000000004,106816.07000000004,0.0,0.0,Monday,2025-11
2025-11-25,12,4,7,6806.7699999999995,7442.42,635.65,236.86999999999998,0.9928288568997908,1.321,71.08333333333333,5,58.333333333333336,113622.84000000004,113622.84000000004,0.0,0.0,Tuesday,2025-11
2025-11-26,14,6,4,-4673.0,2860.0,7533.0,753.49,-0.4872426351840543,0.9786428571428571,267.2857142857143,10,28.57142857142857,108949.84000000004,113622.84000000004,-4673.0,-4.112729447706111,Wednesday,2025-11
2025-11-27,5,3,2,1150.9499999999998,4300.8,3149.8500000000004,164.07,0.9108114635048171,1.3626,261.6,3,40.0,110100.79000000004,113622.84000000004,-3522.050000000003,-3.0997728977730197,Thursday,2025-11
2025-11-28,18,5,10,6093.37,11919.529999999999,5826.16,513.44,0.41618123675917257,1.1202222222222222,411.6111111111111,8,55.55555555555556,116194.16000000003,116194.16000000003,0.0,0.0,Friday,2025-11
2025-11-29,4,1,1,-1698.9499999999998,1511.19,3210.14,104.94999999999999,-0.3039161190299342,1.24425,523.25,3,25.0,114495.21000000004,116194.16000000003,-1698.949999999997,-1.4621647077615576,Saturday,2025-11
2025-11-30,3,1,3,5738.709999999999,5738.709999999999,0.0,238.21,1.7149419336596408,0.5046666666666666,69.66666666666667,0,100.0,120233.92000000004,120233.92000000004,0.0,0.0,Sunday,2025-11
2025-12-01,8,4,4,4371.170000000001,7592.46,3221.29,535.95,0.5644220277501999,1.504,924.375,4,50.0,124605.09000000004,124605.09000000004,0.0,0.0,Monday,2025-12
2025-12-02,6,2,4,-229.94000000000005,1503.8899999999999,1733.83,202.91,0.24036139289914973,0.9161666666666667,24.666666666666668,2,66.66666666666666,124375.15000000004,124605.09000000004,-229.94000000000233,-0.18453499772762272,Tuesday,2025-12
2025-12-03,10,4,3,-3317.63,3298.49,6616.12,804.65,-0.2490058518480996,1.1414,174.2,7,30.0,121057.52000000003,124605.09000000004,-3547.570000000007,-2.8470506301147136,Wednesday,2025-12
2025-12-04,15,7,7,7737.1900000000005,16103.900000000001,8366.71,1451.03,0.2407499375005763,1.2467333333333335,157.13333333333333,8,46.666666666666664,128794.71000000004,128794.71000000004,0.0,0.0,Thursday,2025-12
2025-12-05,8,3,1,-1655.22,50.61,1705.83,68.29,-0.7342731367233692,1.731875,775.375,7,12.5,127139.49000000003,128794.71000000004,-1655.2200000000012,-1.2851614790700647,Friday,2025-12
2025-12-06,1,1,1,275.57,275.57,0.0,8.3,1.1231567009317467,0.901,28.0,0,100.0,127415.06000000004,128794.71000000004,-1379.6499999999942,-1.0712008280464267,Saturday,2025-12
2025-12-08,7,3,0,-1136.97,0.0,1136.97,40.61,-1.0445065558504896,1.1945714285714286,626.0,7,0.0,126278.09000000004,128794.71000000004,-2516.6199999999953,-1.9539777681862824,Monday,2025-12
2025-12-09,11,2,6,2122.76,4003.87,1881.11,316.74,0.4402842333251719,1.061909090909091,120.9090909090909,5,54.54545454545454,128400.85000000003,128794.71000000004,-393.8600000000006,-0.30580448529291343,Tuesday,2025-12
2025-12-10,17,6,5,-1202.7200000000003,6329.62,7532.34,929.8399999999999,-0.23994207478431093,1.517294117647059,114.6470588235294,12,29.411764705882355,127198.13000000003,128794.71000000004,-1596.5800000000017,-1.2396316587847445,Wednesday,2025-12
2025-12-11,6,5,2,-4305.77,425.96000000000004,4731.7300000000005,681.97,-0.4832897680598435,1.3955000000000002,13.5,4,33.33333333333333,122892.36000000003,128794.71000000004,-5902.350000000006,-4.5827580961982095,Thursday,2025-12
2025-12-12,20,5,3,-12804.64,2006.96,14811.6,768.27,-0.6217569984771054,1.3594000000000002,434.55,17,15.0,110087.72000000003,128794.71000000004,-18706.990000000005,-14.524657107423122,Friday,2025-12
2025-12-14,6,1,1,-5664.700000000001,2143.14,7807.84,613.55,-0.4168999915510245,0.7158333333333333,30.5,5,16.666666666666664,104423.02000000003,128794.71000000004,-24371.690000000002,-18.92289675561985,Sunday,2025-12
2025-12-15,12,3,8,17004.7,18048.989999999998,1044.29,685.03,1.0265428030309245,1.1293333333333333,101.16666666666667,4,66.66666666666666,121427.72000000003,128794.71000000004,-7366.990000000005,-5.71994765934098,Monday,2025-12
2025-12-16,10,4,3,48.66000000000008,3198.8900000000003,3150.23,267.59,-0.3493667664573117,1.0425,194.7,7,30.0,121476.38000000003,128794.71000000004,-7318.330000000002,-5.682166604513492,Tuesday,2025-12
2025-12-17,25,7,11,4561.56,11426.16,6864.6,734.91,0.2618335535045174,1.39084,98.08,14,44.0,126037.94000000003,128794.71000000004,-2756.770000000004,-2.140437289699246,Wednesday,2025-12
2025-12-18,21,6,7,-406.56000000000006,5327.58,5734.14,340.35,-0.16243903464289136,1.1578095238095238,131.42857142857142,14,33.33333333333333,125631.38000000003,128794.71000000004,-3163.3300000000017,-2.4561024284304853,Thursday,2025-12
2025-12-19,5,2,3,753.32,1809.81,1056.49,250.17000000000002,0.25475599120578946,1.0604,69.4,2,60.0,126384.70000000004,128794.71000000004,-2410.0099999999948,-1.8712026293626456,Friday,2025-12
2025-12-20,1,1,0,-2508.15,0.0,2508.15,112.51,-1.046966672629602,1.11,126.0,1,0.0,123876.55000000005,128794.71000000004,-4918.159999999989,-3.8186040404920263,Saturday,2025-12
2025-12-22,13,3,7,3761.54,4781.95,1020.41,196.26,0.3316517989661598,1.263153846153846,297.2307692307692,6,53.84615384615385,127638.09000000004,128794.71000000004,-1156.6199999999953,-0.8980337779400995,Monday,2025-12
2025-12-23,7,3,2,761.5300000000001,2651.79,1890.26,84.99,-0.211339739457473,0.6968571428571428,139.0,5,28.57142857142857,128399.62000000004,128794.71000000004,-395.0899999999965,-0.30675949346055936,Tuesday,2025-12
2025-12-24,21,6,5,-4912.9,3537.5200000000004,8450.42,488.83,-0.4115454713812286,1.1821428571428572,306.57142857142856,16,23.809523809523807,123486.72000000004,128794.71000000004,-5307.989999999991,-4.1212795152844315,Wednesday,2025-12
2025-12-25,4,3,0,-2040.6000000000001,0.0,2040.6000000000001,93.61,-0.8729055878420018,1.174,203.0,4,0.0,121446.12000000004,128794.71000000004,-7348.5899999999965,-5.705661358296466,Thursday,2025-12
2025-12-26,14,4,5,-6474.799999999999,3954.35,10429.15,765.87,0.12816761793447592,1.2343571428571427,248.92857142857142,9,35.714285714285715,114971.32000000004,128794.71000000004,-13823.39,-10.732886467153811,Friday,2025-12
2025-12-28,1,1,0,-760.79,0.0,760.79,84.95,-0.4029377769807841,0.901,29.0,1,0.0,114210.53000000004,128794.71000000004,-14584.179999999993,-11.323586193873949,Sunday,2025-12
2025-12-29,6,2,4,3346.9800000000005,4460.92,1113.94,264.51,0.9021044827728423,0.8729999999999999,154.0,2,66.66666666666666,117557.51000000004,128794.71000000004,-11237.199999999997,-8.724892505290004,Monday,2025-12
2025-12-30,12,4,4,149.07000000000005,2942.61,2793.54,230.31,-0.0659624085160259,1.2349166666666667,526.3333333333334,8,33.33333333333333,117706.58000000005,128794.71000000004,-11088.12999999999,-8.60915017394735,Tuesday,2025-12
2025-12-31,13,5,3,-7760.290000000001,3382.58,11142.87,671.5,-0.43277811805709815,1.4484615384615387,173.0,10,23.076923076923077,109946.29000000004,128794.71000000004,-18848.42,-14.634467518114674,Wednesday,2025-12
2026-01-01,12,5,7,1034.7600000000002,4360.780000000001,3326.02,418.5,0.7106464577287013,1.2048333333333334,189.33333333333334,5,58.333333333333336,110981.05000000003,128794.71000000004,-17813.660000000003,-13.831049427418252,Thursday,2026-01
2026-01-02,4,3,1,-172.64000000000004,522.77,695.4100000000001,38.82,0.0752888227610996,0.82275,21.5,3,25.0,110808.41000000003,128794.71000000004,-17986.300000000003,-13.96509219982715,Friday,2026-01
2026-01-03,8,2,3,-3093.36,1219.3600000000001,4312.72,179.43,0.12847309204801965,1.1955,213.75,5,37.5,107715.05000000003,128794.71000000004,-21079.660000000003,-16.366867862818278,Saturday,2026-01
2026-01-04,2,2,1,138.75,1049.56,910.81,154.85999999999999,-0.0016888433567384675,1.1105,397.0,1,50.0,107853.80000000003,128794.71000000004,-20940.910000000003,-16.25913828293103,Sunday,2026-01
2026-01-05,11,4,4,3108.1400000000003,7458.3099999999995,4350.17,445.36,0.11716021708458056,1.1842727272727274,95.9090909090909,7,36.36363636363637,110961.94000000003,128794.71000000004,-17832.770000000004,-13.84588699334002,Monday,2026-01
2026-01-06,10,4,4,546.84,1996.0300000000002,1449.19,96.08,0.05125250207336216,1.2570000000000001,46.3,6,40.0,111508.78000000003,128794.71000000004,-17285.930000000008,-13.421304337732506,Tuesday,2026-01
2026-01-07,17,4,8,10184.83,13166.82,2981.99,894.31,0.47162636361414484,1.1772941176470588,183.8235294117647,9,47.05882352941176,121693.61000000003,128794.71000000004,-7101.100000000006,-5.5135028449538055,Wednesday,2026-01
2026-01-08,5,3,4,2766.6400000000003,2911.1800000000003,144.54,318.78000000000003,1.1242572318252873,1.242,62.6,1,80.0,124460.25000000003,128794.71000000004,-4334.460000000006,-3.365402197031233,Thursday,2026-01
2026-01-09,9,4,2,-2534.13,3027.43,5561.5599999999995,256.58,-0.2945052664514703,0.8721111111111112,113.0,7,22.22222222222222,121926.12000000002,128794.71000000004,-6868.590000000011,-5.3329752440919425,Friday,2026-01
2026-01-10,4,1,4,6163.58,6163.58,0.0,387.14,1.2361772726996096,1.1007500000000001,44.25,0,100.0,128089.70000000003,128794.71000000004,-705.0100000000093,-0.5473904945319642,Saturday,2026-01
2026-01-11,4,1,2,434.77,511.38,76.61,10.56,1.0579513838684624,1.33425,613.0,2,50.0,128524.47000000003,128794.71000000004,-270.24000000000524,-0.20982228229715735,Sunday,2026-01
2026-01-12,15,3,7,8606.95,21113.11,12506.16,956.02,0.5327319034980033,1.1980666666666666,255.53333333333333,8,46.666666666666664,137131.42000000004,137131.42000000004,0.0,0.0,Monday,2026-01
2026-01-13,7,5,0,-4458.11,0.0,4458.11,205.72,-0.9855663026921979,1.2344285714285714,107.71428571428571,7,0.0,132673.31000000006,137131.42000000004,-4458.109999999986,-3.250976326213194,Tuesday,2026-01
2026-01-14,13,4,3,-1096.2600000000002,3688.1000000000004,4784.360000000001,265.44,-0.19510559534862046,1.5201538461538462,350.2307692307692,10,23.076923076923077,131577.05000000005,137131.42000000004,-5554.369999999995,-4.050399244753677,Wednesday,2026-01
2026-01-15,14,4,8,-459.54999999999995,3651.15,4110.7,284.37,0.23987707759467788,1.1887857142857143,246.21428571428572,6,57.14285714285714,131117.50000000006,137131.42000000004,-6013.919999999984,-4.385515733739198,Thursday,2026-01
2026-01-16,15,5,4,-2617.1099999999997,1731.04,4348.15,178.64000000000001,-0.14440874411969734,1.4032666666666667,87.06666666666666,11,26.666666666666668,128500.39000000006,137131.42000000004,-8631.029999999984,-6.293984267062926,Friday,2026-01
2026-01-17,4,1,4,3431.7200000000003,3431.7200000000003,0.0,243.35,1.1794149184963687,0.9735,10.5,0,100.0,131932.11000000004,137131.42000000004,-5199.309999999998,-3.7914797352787537,Saturday,2026-01
2026-01-18,9,2,4,4384.1,8554.119999999999,4170.02,642.4300000000001,0.5155029598685787,1.1392222222222221,596.4444444444445,5,44.44444444444444,136316.21000000005,137131.42000000004,-815.2099999999919,-0.5944735349491689,Sunday,2026-01
2026-01-19,11,3,5,3757.46,10889.69,7132.23,833.7,0.12143794603581813,0.9205454545454544,148.9090909090909,6,45.45454545454545,140073.67000000004,140073.67000000004,0.0,0.0,Monday,2026-01
2026-01-20,9,3,3,-542.5399999999997,2655.6200000000003,3198.16,282.49,-0.25175176870202914,1.009,544.3333333333334,6,33.33333333333333,139531.13000000003,140073.67000000004,-542.5400000000081,-0.3873247556089649,Tuesday,2026-01
2026-01-21,17,6,7,12151.029999999999,19632.309999999998,7481.280000000001,599.5,0.31006228024496424,1.0681176470588236,420.05882352941177,10,41.17647058823529,151682.16000000003,151682.16000000003,0.0,0.0,Wednesday,2026-01
2026-01-22,10,5,3,3211.9899999999993,6313.0599999999995,3101.07,220.8,-0.18898823898205105,1.1846999999999999,184.4,7,30.0,154894.15000000002,154894.15000000002,0.0,0.0,Thursday,2026-01
2026-01-23,6,2,1,2772.2000000000007,7197.14,4424.94,215.91,-0.4313795527510586,1.4295,48.666666666666664,5,16.666666666666664,157666.35000000003,157666.35000000003,0.0,0.0,Friday,2026-01
2026-01-24,2,2,1,-66.53999999999996,760.27,826.81,137.13,0.09252134135643991,0.8545,56.0,1,50.0,157599.81000000003,157666.35000000003,-66.54000000000815,-0.04220304459385794,Saturday,2026-01
2026-01-26,17,5,3,-6047.41,215.75,6263.16,258.38,-0.6425090148582118,1.4444705882352942,215.23529411764707,14,17.647058823529413,151552.40000000002,157666.35000000003,-6113.950000000012,-3.8777773443731083,Monday,2026-01
2026-01-27,16,4,2,-15087.03,856.72,15943.75,811.1800000000001,-0.5713482408070987,1.4621875,208.0,14,12.5,136465.37000000002,157666.35000000003,-21200.98000000001,-13.446737366597253,Tuesday,2026-01
2026-01-28,23,6,8,5899.629999999999,18958.81,13059.18,1356.6,-0.02300076500554423,1.359695652173913,124.95652173913044,15,34.78260869565217,142365.00000000003,157666.35000000003,-15301.350000000006,-9.704892641961967,Wednesday,2026-01
2026-01-29,6,4,1,9020.539999999999,10825.13,1804.5900000000001,223.51,-0.32991809512602144,1.282,67.66666666666667,5,16.666666666666664,151385.54000000004,157666.35000000003,-6280.809999999998,-3.9836084237378464,Thursday,2026-01
2026-01-30,7,3,2,-1264.34,1102.78,2367.12,411.70000000000005,-0.16869976855469462,1.456,132.57142857142858,5,28.57142857142857,150121.20000000004,157666.35000000003,-7545.149999999994,-4.785517011080673,Friday,2026-01
2026-01-31,4,2,2,-475.8099999999999,340.13,815.9399999999999,83.3,0.05034998691106218,0.74625,44.5,2,50.0,149645.39000000004,157666.35000000003,-8020.959999999992,-5.087299858213239,Saturday,2026-01
2026-02-01,2,1,1,1370.84,3391.08,2020.24,228.92000000000002,0.22674721026383104,0.8520000000000001,17.0,1,50.0,151016.23000000004,157666.35000000003,-6650.119999999995,-4.217843566493417,Sunday,2026-02
2026-02-02,18,6,9,-586.25,8036.51,8622.76,881.69,0.49212905883584956,1.4701666666666666,139.11111111111111,9,50.0,150429.98000000004,157666.35000000003,-7236.369999999995,-4.589673065939557,Monday,2026-02
2026-02-03,5,2,0,-3523.36,0.0,3523.36,263.86,-1.0329345966895147,1.0997999999999999,77.6,5,0.0,146906.62000000005,157666.35000000003,-10759.729999999981,-6.824366771983989,Tuesday,2026-02
2026-02-04,12,3,4,-430.04999999999995,785.97,1216.02,56.53,-0.05501690112740857,1.2456666666666667,497.0833333333333,8,33.33333333333333,146476.57000000007,157666.35000000003,-11189.77999999997,-7.097126305010529,Wednesday,2026-02
2026-02-05,7,5,2,664.7099999999996,4249.11,3584.4,404.58,-0.4862809153686269,1.5155714285714286,196.85714285714286,5,28.57142857142857,147141.28000000006,157666.35000000003,-10525.069999999978,-6.675533492086279,Thursday,2026-02
2026-02-06,15,7,5,9663.550000000001,13041.550000000001,3378.0,385.9,-0.10964220738122034,1.3828666666666665,202.46666666666667,10,33.33333333333333,156804.83000000005,157666.35000000003,-861.5199999999895,-0.5464197021114457,Friday,2026-02
2026-02-07,4,2,1,-4004.98,142.01,4146.99,153.03,-0.6829277773696779,0.7505000000000001,148.0,3,25.0,152799.85000000003,157666.35000000003,-4866.5,-3.086581252118793,Saturday,2026-02
2026-02-08,7,2,2,-956.4299999999998,2811.4700000000003,3767.9,268.2,-0.21249554292304293,0.9914285714285713,508.85714285714283,5,28.57142857142857,151843.42000000004,157666.35000000003,-5822.929999999993,-3.693197692468933,Sunday,2026-02
2026-02-09,6,3,3,2193.3500000000004,4624.12,2430.77,274.83,0.33688593726669924,1.455,606.6666666666666,3,50.0,154036.77000000005,157666.35000000003,-3629.579999999987,-2.302063820212738,Monday,2026-02
2026-02-10,8,4,2,-1410.84,818.7900000000001,2229.63,115.57000000000001,-0.4363771848145728,1.344125,198.875,6,25.0,152625.93000000005,157666.35000000003,-5040.419999999984,-3.196890141745517,Tuesday,2026-02
2026-02-11,5,4,1,-5347.26,218.47,5565.73,317.2,-0.6059451014295881,1.1385999999999998,1183.4,4,20.0,147278.67000000004,157666.35000000003,-10387.679999999993,-6.5883937821862375,Wednesday,2026-02
2026-02-12,17,4,8,-632.1,2716.82,3348.92,251.63,0.3939244321360313,1.2062941176470587,120.70588235294117,9,47.05882352941176,146646.57000000004,157666.35000000003,-11019.779999999999,-6.9893036783054825,Thursday,2026-02
2026-02-13,22,6,12,12445.19,24291.73,11846.54,907.65,0.7821010900290258,0.9953181818181819,199.5,10,54.54545454545454,159091.76000000004,159091.76000000004,0.0,0.0,Friday,2026-02
2026-02-14,4,1,3,3127.18,3495.2999999999997,368.12,84.35,1.6010334995706315,1.3130000000000002,283.75,1,75.0,162218.94000000003,162218.94000000003,0.0,0.0,Saturday,2026-02
2026-02-15,2,1,1,1230.9,2060.58,829.68,153.4,-0.026026752647731355,0.528,60.5,1,50.0,163449.84000000003,163449.84000000003,0.0,0.0,Sunday,2026-02
2026-02-16,13,4,4,2559.39,5134.13,2574.74,242.16,0.058085444136672756,0.9823076923076923,106.53846153846153,9,30.76923076923077,166009.23000000004,166009.23000000004,0.0,0.0,Monday,2026-02
2026-02-17,12,5,4,5363.6,8509.6,3146.0,561.91,-0.12299087876977664,1.22275,224.25,8,33.33333333333333,171372.83000000005,171372.83000000005,0.0,0.0,Tuesday,2026-02
2026-02-18,16,6,5,453.43000000000006,4024.62,3571.19,206.59,-0.041212956777020096,1.29,187.625,11,31.25,171826.26000000004,171826.26000000004,0.0,0.0,Wednesday,2026-02
2026-02-19,12,4,3,1215.8199999999997,5312.08,4096.26,274.1,-0.38408425354146,1.3191666666666666,520.3333333333334,9,25.0,173042.08000000005,173042.08000000005,0.0,0.0,Thursday,2026-02
2026-02-20,9,3,2,-6934.17,605.58,7539.75,339.41,-0.35061295212440047,1.4075555555555554,183.44444444444446,7,22.22222222222222,166107.91000000003,173042.08000000005,-6934.170000000013,-4.007216048258326,Friday,2026-02
2026-02-21,10,2,2,-1408.7099999999998,6860.900000000001,8269.61,485.31,-0.44514069257249106,1.3411,117.5,8,20.0,164699.20000000004,173042.08000000005,-8342.880000000005,-4.82130126961026,Saturday,2026-02
2026-02-23,17,4,9,6965.8099999999995,12099.13,5133.32,959.92,0.47480835082188405,1.204764705882353,102.6470588235294,8,52.94117647058824,171665.01000000004,173042.08000000005,-1377.070000000007,-0.7958006514947155,Monday,2026-02
2026-02-24,9,3,5,2341.51,4300.98,1959.47,141.81,0.943548216046439,1.1735555555555555,949.4444444444445,4,55.55555555555556,174006.52000000005,174006.52000000005,0.0,0.0,Tuesday,2026-02
2026-02-25,13,5,3,5375.560000000001,18073.89,12698.33,955.99,-0.21435070692260688,1.2715384615384617,611.3846153846154,10,23.076923076923077,179382.08000000005,179382.08000000005,0.0,0.0,Wednesday,2026-02
2026-02-26,13,3,5,311.7600000000001,4516.12,4204.360000000001,328.35,0.1996126305593527,1.2706923076923076,521.0769230769231,8,38.46153846153847,179693.84000000005,179693.84000000005,0.0,0.0,Thursday,2026-02
2026-02-27,8,2,3,1118.3899999999999,3895.67,2777.28,162.49,0.412625398203914,0.9095,284.875,5,37.5,180812.23000000007,180812.23000000007,0.0,0.0,Friday,2026-02
2026-02-28,5,1,3,3622.4900000000002,4220.04,597.55,70.07,1.438973192134622,0.8187999999999999,384.0,2,60.0,184434.72000000006,184434.72000000006,0.0,0.0,Saturday,2026-02
2026-03-02,15,3,5,-6620.38,3803.43,10423.81,710.67,-0.3278403473333128,1.4241333333333335,234.13333333333333,10,33.33333333333333,177814.34000000005,184434.72000000006,-6620.380000000005,-3.5895519021581204,Monday,2026-03
2026-03-03,6,4,3,388.90999999999997,2431.3199999999997,2042.4099999999999,123.36,0.3351881965834183,1.0496666666666667,177.83333333333334,3,50.0,178203.25000000006,184434.72000000006,-6231.470000000001,-3.3786859654190917,Tuesday,2026-03
2026-03-04,15,7,3,-7012.89,2889.5899999999997,9902.48,591.22,-0.5298254108166152,1.2579333333333333,293.1333333333333,12,20.0,171190.36000000004,184434.72000000006,-13244.360000000015,-7.181055714455506,Wednesday,2026-03
2026-03-05,13,4,4,246.29999999999984,4066.2399999999993,3819.94,200.15,0.06996147510995221,1.0376923076923077,615.6153846153846,9,30.76923076923077,171436.66000000003,184434.72000000006,-12998.060000000027,-7.047512529094317,Thursday,2026-03
2026-03-06,4,2,1,-1851.83,567.71,2419.54,193.42,-0.5014278577099028,1.0822500000000002,88.75,3,25.0,169584.83000000005,184434.72000000006,-14849.890000000014,-8.05156968275822,Friday,2026-03
2026-03-07,2,1,2,2087.9,2087.9,0.0,28.11,2.0473999004876346,0.6375,62.5,0,100.0,171672.73000000004,184434.72000000006,-12761.99000000002,-6.919516021712189,Saturday,2026-03
2026-03-08,6,1,3,14520.499999999998,18793.19,4272.6900000000005,319.31,1.1315832537139827,0.8383333333333333,616.8333333333334,3,50.0,186193.23000000004,186193.23000000004,0.0,0.0,Sunday,2026-03
2026-03-09,9,4,2,-1168.1200000000001,3145.8999999999996,4314.02,273.14,-0.39120478037328055,1.4761111111111112,97.22222222222223,7,22.22222222222222,185025.11000000004,186193.23000000004,-1168.1199999999953,-0.6273697491579018,Monday,2026-03
2026-03-10,10,3,4,882.96,3298.15,2415.19,233.35999999999999,0.26640206975223935,1.0728,329.0,6,40.0,185908.07000000004,186193.23000000004,-285.1600000000035,-0.15315272204043262,Tuesday,2026-03
2026-03-11,8,3,1,-1763.04,89.82,1852.86,58.81,-0.7499563058490822,1.48725,142.625,7,12.5,184145.03000000003,186193.23000000004,-2048.2000000000116,-1.1000399960836444,Wednesday,2026-03
2026-03-12,25,6,9,3699.890000000001,10853.27,7153.38,680.47,0.13799441635247786,1.32256,274.68,16,36.0,187844.92000000004,187844.92000000004,0.0,0.0,Thursday,2026-03
2026-03-13,16,6,4,-1697.42,3110.48,4807.9,812.5,-0.24673020388738437,1.2630625,151.25,12,25.0,186147.50000000003,187844.92000000004,-1697.4200000000128,-0.9036283760029349,Friday,2026-03
2026-03-14,5,2,1,-86.28,256.68,342.96,21.11,-0.15735498698531347,1.562,56.4,4,20.0,186061.22000000003,187844.92000000004,-1783.7000000000116,-0.949559881630023,Saturday,2026-03
2026-03-15,3,1,2,8046.28,11181.57,3135.29,221.31,0.9375897250802199,1.1856666666666669,222.66666666666666,1,66.66666666666666,194107.50000000003,194107.50000000003,0.0,0.0,Sunday,2026-03
2026-03-16,15,5,7,3294.4999999999995,7383.6900000000005,4089.19,309.51,0.5311388839685465,1.0848,141.26666666666668,8,46.666666666666664,197402.00000000003,197402.00000000003,0.0,0.0,Monday,2026-03
2026-03-17,15,6,4,1935.3000000000006,9985.69,8050.39,579.63,-0.24327232206200192,1.242,435.26666666666665,11,26.666666666666668,199337.30000000002,199337.30000000002,0.0,0.0,Tuesday,2026-03
2026-03-18,20,4,9,9860.72,12122.63,2261.91,258.95,0.45025081694581354,1.0775000000000001,575.1,11,45.0,209198.02000000002,209198.02000000002,0.0,0.0,Wednesday,2026-03
2026-03-19,8,4,2,594.2600000000002,4206.97,3612.71,137.28,-0.0994015093116683,1.04025,259.875,6,25.0,209792.28000000003,209792.28000000003,0.0,0.0,Thursday,2026-03
2026-03-20,21,7,7,-12754.06,5440.43,18194.49,544.96,-0.2443141258593726,1.1177142857142859,345.8095238095238,14,33.33333333333333,197038.22000000003,209792.28000000003,-12754.059999999998,-6.079375275391447,Friday,2026-03
2026-03-22,2,1,1,827.8300000000004,4459.14,3631.31,223.24,0.22819978800518226,1.3105,73.5,1,50.0,197866.05000000002,209792.28000000003,-11926.23000000001,-5.684780202588965,Sunday,2026-03
2026-03-23,5,1,3,3285.0599999999995,5125.5,1840.44,233.93,0.5240366766946268,1.215,380.6,2,60.0,201151.11000000002,209792.28000000003,-8641.170000000013,-4.118917054526512,Monday,2026-03
2026-03-24,13,5,8,16829.37,24095.13,7265.76,737.92,0.8273923282755907,1.1915384615384617,329.6923076923077,5,61.53846153846154,217980.48,217980.48,0.0,0.0,Tuesday,2026-03
2026-03-25,11,4,3,-3100.39,462.44,3562.83,240.26999999999998,-0.23358213267604455,1.1380000000000001,181.54545454545453,8,27.27272727272727,214880.09,217980.48,-3100.390000000014,-1.4223246044783522,Wednesday,2026-03
2026-03-26,10,5,7,6401.86,10703.6,4301.74,402.12,1.2738803285594904,1.0649,115.2,3,70.0,221281.94999999998,221281.94999999998,0.0,0.0,Thursday,2026-03
2026-03-27,17,6,9,1879.66,7484.2,5604.54,900.89,0.22812709005473478,1.0419999999999998,88.05882352941177,8,52.94117647058824,223161.61,223161.61,0.0,0.0,Friday,2026-03
2026-03-28,9,4,3,4036.9099999999994,9162.08,5125.17,429.1,0.3488775752339584,1.331777777777778,591.4444444444445,6,33.33333333333333,227198.52,227198.52,0.0,0.0,Saturday,2026-03
2026-03-29,5,2,1,-1582.1000000000004,4420.98,6003.08,479.1,-0.29698631902997785,0.7818,397.8,4,20.0,225616.41999999998,227198.52,-1582.1000000000058,-0.6963513670775698,Sunday,2026-03
2026-03-30,5,3,1,-543.63,433.96,977.5899999999999,67.2,-0.37495760073118356,1.1686,522.4,4,20.0,225072.78999999998,227198.52,-2125.7300000000105,-0.9356266933429015,Monday,2026-03
2026-03-31,11,3,5,9712.19,12954.820000000002,3242.63,1184.49,0.34469042966463087,1.0222727272727272,705.9090909090909,6,45.45454545454545,234784.97999999998,234784.97999999998,0.0,0.0,Tuesday,2026-03
2026-04-01,13,5,2,-2960.0499999999997,1370.78,4330.83,180.05,-0.557915812623172,1.284,153.23076923076923,11,15.384615384615385,231824.93,234784.97999999998,-2960.0499999999884,-1.260749303469067,Wednesday,2026-04
2026-04-02,13,5,6,1808.5900000000001,7077.32,5268.73,554.88,0.21403293130016177,1.269923076923077,245.53846153846155,7,46.15384615384615,233633.52,234784.97999999998,-1151.4599999999919,-0.4904317133063588,Thursday,2026-04
2026-04-03,8,3,2,-6704.93,1885.2,8590.130000000001,546.0999999999999,-0.6172481709197953,1.10075,382.0,6,25.0,226928.59,234784.97999999998,-7856.389999999985,-3.346206388500655,Friday,2026-04
2026-04-05,3,1,3,1249.4,1249.4,0.0,37.39,1.8058971678246063,1.0796666666666666,1027.0,0,100.0,228177.99,234784.97999999998,-6606.989999999991,-2.814059911328225,Sunday,2026-04
2026-04-06,15,5,2,-7734.4400000000005,797.59,8532.03,627.84,-0.712070497043222,1.2018666666666666,394.93333333333334,13,13.333333333333334,220443.55,234784.97999999998,-14341.429999999993,-6.108325157767756,Monday,2026-04
2026-04-07,20,6,9,-2644.48,7944.700000000001,10589.18,1065.8,0.13920035012393303,1.00525,112.55,11,45.0,217799.06999999998,234784.97999999998,-16985.910000000003,-7.234666374314067,Tuesday,2026-04
2026-04-08,18,5,4,-4558.82,3768.49,8327.31,799.83,-0.34565017563236206,1.347888888888889,118.05555555555556,14,22.22222222222222,213240.24999999997,234784.97999999998,-21544.73000000001,-9.176366392773511,Wednesday,2026-04
2026-04-09,2,1,2,1393.52,1393.52,0.0,174.59,0.8623530368484965,1.0525,14.0,0,100.0,214633.76999999996,234784.97999999998,-20151.21000000002,-8.582836091133267,Thursday,2026-04
2026-04-10,19,5,7,-1041.79,5634.2300000000005,6676.02,444.56,0.4422531533096552,1.0865263157894738,599.6315789473684,12,36.84210526315789,213591.97999999995,234784.97999999998,-21193.00000000003,-9.026556979922665,Friday,2026-04
2026-04-11,2,1,0,-133.36,0.0,133.36,9.280000000000001,-1.2118332101988813,1.4825,43.5,2,0.0,213458.61999999997,234784.97999999998,-21326.360000000015,-9.083357887714971,Saturday,2026-04
2026-04-12,2,1,0,-1485.25,0.0,1485.25,26.56,-1.1802771468886486,1.5285000000000002,372.0,2,0.0,211973.36999999997,234784.97999999998,-22811.610000000015,-9.71595797993552,Sunday,2026-04
2026-04-13,16,5,7,3595.87,9026.6,5430.73,806.47,0.2248921078049298,1.0968125,163.0625,9,43.75,215569.23999999996,234784.97999999998,-19215.74000000002,-8.184399189420049,Monday,2026-04
2026-04-14,11,5,2,-3049.32,3978.23,7027.55,411.81,-0.4109960803487524,1.206,134.9090909090909,9,18.181818181818183,212519.91999999995,234784.97999999998,-22265.060000000027,-9.483170516274093,Tuesday,2026-04
2026-04-15,18,5,5,5752.039999999999,14720.279999999999,8968.24,722.74,-0.13291929081895415,1.1297777777777778,274.8333333333333,13,27.77777777777778,218271.95999999996,234784.97999999998,-16513.02000000002,-7.033252297485138,Wednesday,2026-04
2026-04-16,11,4,4,1318.22,3380.77,2062.55,188.14,0.21793346443072617,1.3509090909090908,273.09090909090907,7,36.36363636363637,219590.17999999996,234784.97999999998,-15194.800000000017,-6.471793894140937,Thursday,2026-04
2026-04-17,6,3,2,156.0799999999998,2206.68,2050.6,137.06,0.04920746738374889,1.324,161.33333333333334,4,33.33333333333333,219746.25999999995,234784.97999999998,-15038.72000000003,-6.405316047048679,Friday,2026-04
2026-04-18,9,2,5,2732.0,3538.87,806.87,61.01,0.914129990422424,0.9555555555555555,555.5555555555555,4,55.55555555555556,222478.25999999995,234784.97999999998,-12306.72000000003,-5.241698169959608,Saturday,2026-04
2026-04-19,3,1,1,-88.12,84.67,172.79000000000002,5.66,-0.10936771551456947,0.656,83.66666666666667,2,33.33333333333333,222390.13999999996,234784.97999999998,-12394.840000000026,-5.279230383476842,Sunday,2026-04
2026-04-20,18,4,7,609.8799999999999,4536.91,3927.0299999999997,565.45,-0.10206229100610711,1.238777777777778,451.27777777777777,11,38.88888888888889,223000.01999999996,234784.97999999998,-11784.960000000021,-5.0194693033600455,Monday,2026-04
2026-04-21,15,7,7,616.6400000000006,9639.76,9023.119999999999,663.11,0.15567576499523478,1.2056666666666667,382.4,8,46.666666666666664,223616.65999999997,234784.97999999998,-11168.320000000007,-4.756828993064211,Tuesday,2026-04
2026-04-22,9,4,2,-1817.2700000000002,1370.1299999999999,3187.4,143.72,-0.41202125882884366,1.2564444444444445,84.55555555555556,7,22.22222222222222,221799.38999999998,234784.97999999998,-12985.589999999997,-5.530843582924256,Wednesday,2026-04
2026-04-23,1,1,1,29.94,29.94,0.0,10.86,0.9172566661917732,1.031,5.0,0,100.0,221829.33,234784.97999999998,-12955.649999999994,-5.518091489498176,Thursday,2026-04
2026-04-24,7,3,1,-5381.21,432.35,5813.5599999999995,198.81,-0.6921097486469302,1.5025714285714287,337.0,6,14.285714285714285,216448.12,234784.97999999998,-18336.859999999986,-7.8100651924156255,Friday,2026-04
2026-04-25,1,1,1,4309.05,4309.05,0.0,147.85,1.4405710309629693,1.196,30.0,0,100.0,220757.16999999998,234784.97999999998,-14027.809999999998,-5.97474761801202,Saturday,2026-04
2026-04-26,4,1,3,556.8399999999999,2607.8500000000004,2051.01,366.81,0.34975059342718495,1.36525,29.75,1,75.0,221314.00999999998,234784.97999999998,-13470.970000000001,-5.737577420838421,Sunday,2026-04
2026-04-27,16,5,5,1503.0800000000006,11823.87,10320.789999999999,1579.65,0.01877692394646692,1.277125,215.4375,11,31.25,222817.08999999997,234784.97999999998,-11967.890000000014,-5.097383146059861,Monday,2026-04
2026-04-28,18,5,5,-3534.18,3631.4,7165.58,565.32,-0.39155389409928565,1.5161666666666667,281.55555555555554,13,27.77777777777778,219282.90999999997,234784.97999999998,-15502.070000000007,-6.602666831583523,Tuesday,2026-04
2026-04-29,20,5,3,-6030.07,994.62,7024.69,348.27,-0.4306680587988495,1.5611000000000002,275.8,17,15.0,213252.83999999997,234784.97999999998,-21532.140000000014,-9.171004039525874,Wednesday,2026-04
2026-04-30,9,3,7,8705.45,8755.61,50.16,241.84,1.4225251728469246,0.9796666666666667,276.55555555555554,2,77.77777777777779,221958.28999999998,234784.97999999998,-12826.690000000002,-5.4631646368519835,Thursday,2026-04
2026-05-01,21,6,6,-229.64000000000033,8237.56,8467.2,840.43,-0.2827155119667192,1.1187619047619048,155.1904761904762,15,28.57142857142857,221728.64999999997,234784.97999999998,-13056.330000000016,-5.560973278614338,Friday,2026-05
2026-05-04,21,5,6,-1965.5,5071.25,7036.75,886.93,-0.061678518457886265,1.3566666666666667,315.95238095238096,15,28.57142857142857,219763.14999999997,234784.97999999998,-15021.830000000016,-6.398122230817329,Monday,2026-05
2026-05-05,20,5,6,-2514.35,4491.96,7006.31,376.62,-0.11028596607431178,1.2093500000000001,489.2,14,30.0,217248.79999999996,234784.97999999998,-17536.180000000022,-7.469038266417223,Tuesday,2026-05
2026-05-06,7,3,3,-477.54999999999995,1046.66,1524.21,112.8,0.23852632800625992,1.1567142857142856,92.71428571428571,4,42.857142857142854,216771.24999999997,234784.97999999998,-18013.73000000001,-7.67243713801454,Wednesday,2026-05
2026-05-07,13,4,4,-2220.4700000000003,1399.35,3619.82,243.04,-0.313802191100871,1.301769230769231,200.53846153846155,9,30.76923076923077,214550.77999999997,234784.97999999998,-20234.20000000001,-8.618183326718775,Thursday,2026-05
2026-05-08,26,6,14,6664.59,13386.55,6721.96,565.59,0.7072576464869201,1.1212692307692307,186.15384615384616,12,53.84615384615385,221215.36999999997,234784.97999999998,-13569.610000000015,-5.779590329841379,Friday,2026-05
2026-05-09,1,1,1,3845.63,3845.63,0.0,102.81,1.5388588661476612,1.0,104.0,0,100.0,225060.99999999997,234784.97999999998,-9723.98000000001,-4.1416533544863094,Saturday,2026-05
2026-05-10,10,2,3,-1562.53,5776.12,7338.65,505.41999999999996,-0.2968586605787616,1.222,84.4,7,30.0,223498.46999999997,234784.97999999998,-11286.51000000001,-4.807168669818662,Sunday,2026-05
2026-05-11,10,4,2,-4181.780000000001,1748.99,5930.77,193.59,-0.5514944142975124,1.0211000000000001,460.0,8,20.0,219316.68999999997,234784.97999999998,-15468.290000000008,-6.588279199120834,Monday,2026-05
2026-05-12,9,4,6,1649.16,2600.4,951.24,184.18,0.7040905609119122,1.0855555555555556,67.11111111111111,3,66.66666666666666,220965.84999999998,234784.97999999998,-13819.130000000005,-5.885866293491179,Tuesday,2026-05
2026-05-13,14,6,3,-808.8200000000004,5264.26,6073.08,405.36,-0.43815641480722295,1.2345714285714284,153.28571428571428,11,21.428571428571427,220157.02999999997,234784.97999999998,-14627.950000000012,-6.230360221509916,Wednesday,2026-05
2026-05-14,7,3,3,2047.8000000000013,8507.69,6459.889999999999,630.24,-0.03764151435554365,1.5142857142857142,77.0,4,42.857142857142854,222204.82999999996,234784.97999999998,-12580.150000000023,-5.358157919642059,Thursday,2026-05
2026-05-15,10,4,6,12636.83,16410.06,3773.23,386.23,0.9461863351098339,1.2668,276.3,4,60.0,234841.65999999995,234841.65999999995,0.0,0.0,Friday,2026-05
2026-05-16,6,2,3,-3440.7999999999997,325.24,3766.04,129.48,0.7441729265551102,1.6618333333333333,343.0,3,50.0,231400.85999999996,234841.65999999995,-3440.7999999999884,-1.4651574171294774,Saturday,2026-05
2026-05-17,4,1,0,-3772.22,0.0,3772.22,129.14,-0.8618539646055745,1.38975,376.0,4,0.0,227628.63999999996,234841.65999999995,-7213.0199999999895,-3.0714397096324357,Sunday,2026-05
2026-05-18,8,3,2,-10317.92,2122.22,12440.14,731.49,-0.17003193803609334,0.99575,370.875,6,25.0,217310.71999999994,234841.65999999995,-17530.940000000002,-7.465004292679589,Monday,2026-05
2026-05-19,17,5,7,1031.1300000000008,13449.960000000001,12418.83,1007.54,0.055763214459231436,1.1448235294117648,190.88235294117646,10,41.17647058823529,218341.84999999995,234841.65999999995,-16499.809999999998,-7.0259297264378056,Tuesday,2026-05
2026-05-20,9,3,5,3889.78,7711.6900000000005,3821.91,406.31,0.46429342359726494,1.229111111111111,142.55555555555554,4,55.55555555555556,222231.62999999995,234841.65999999995,-12610.029999999999,-5.369588172728808,Wednesday,2026-05
2026-05-21,3,2,1,-571.24,12.49,583.73,25.450000000000003,-0.7743211125952095,0.9263333333333333,1535.6666666666667,2,33.33333333333333,221660.38999999996,234841.65999999995,-13181.26999999999,-5.612832918997419,Thursday,2026-05
2026-05-22,7,3,1,-1890.65,130.21,2020.8600000000001,116.28999999999999,-0.672697338297836,1.2262857142857142,190.14285714285714,6,14.285714285714285,219769.73999999996,234841.65999999995,-15071.919999999984,-6.4179072827197645,Friday,2026-05
2026-05-23,3,1,1,472.65999999999997,572.52,99.86000000000001,7.37,0.7131483592208575,2.41,674.0,2,33.33333333333333,220242.39999999997,234841.65999999995,-14599.25999999998,-6.216639756336241,Saturday,2026-05
2026-05-24,5,2,3,1179.42,1521.11,341.69,82.75999999999999,0.6957584502408051,1.6534,39.2,2,60.0,221421.81999999998,234841.65999999995,-13419.839999999967,-5.7144205163598185,Sunday,2026-05
2026-05-25,19,5,5,-5143.88,6546.99,11690.87,1028.99,-0.2925764377971819,1.6050526315789475,247.21052631578948,14,26.31578947368421,216277.93999999997,234841.65999999995,-18563.719999999972,-7.90478145998456,Monday,2026-05
2026-05-26,12,4,4,-3042.9,3019.72,6062.62,635.88,-0.2534284312902107,1.198,306.3333333333333,8,33.33333333333333,213235.03999999998,234841.65999999995,-21606.619999999966,-9.200505566175938,Tuesday,2026-05
2026-05-27,9,3,3,3553.6499999999996,5617.619999999999,2063.9700000000003,336.84,-0.02456218648274628,1.2284444444444444,50.333333333333336,6,33.33333333333333,216788.68999999997,234841.65999999995,-18052.969999999972,-7.687294494511739,Wednesday,2026-05
2026-05-28,12,4,5,-1779.7899999999997,6110.5199999999995,7890.3099999999995,604.5,0.5445605106780304,1.181,264.8333333333333,7,41.66666666666667,215008.89999999997,234841.65999999995,-19832.75999999998,-8.445162583163475,Thursday,2026-05
2026-05-29,13,5,5,202.47000000000025,7081.21,6878.74,1279.31,-0.1734722035179457,0.8382307692307692,235.6153846153846,8,38.46153846153847,215211.36999999997,234841.65999999995,-19630.28999999998,-8.35894704542626,Friday,2026-05
2026-05-30,6,1,1,-322.63,382.21,704.8399999999999,44.09,-0.366788281000694,1.1806666666666665,1231.1666666666667,5,16.666666666666664,214888.73999999996,234841.65999999995,-19952.919999999984,-8.49632897331759,Saturday,2026-05
2026-05-31,4,2,2,4721.03,6381.91,1660.88,191.39,0.8778810702751642,1.1405,423.75,2,50.0,219609.76999999996,234841.65999999995,-15231.889999999985,-6.486025520344213,Sunday,2026-05
2026-06-01,15,5,5,1977.17,5450.66,3473.49,394.06,-0.161998706971716,1.5231999999999999,245.93333333333334,10,33.33333333333333,221586.93999999997,234841.65999999995,-13254.719999999972,-5.644109311780531,Monday,2026-06
2026-06-02,5,3,3,4312.64,6455.54,2142.9,198.28,0.8584362661849962,0.8238,42.4,2,60.0,225899.58,234841.65999999995,-8942.079999999958,-3.807706009231906,Tuesday,2026-06
2026-06-03,13,4,7,2075.0,5141.82,3066.82,290.88,0.6681139357316812,1.1266923076923077,302.61538461538464,6,53.84615384615385,227974.58,234841.65999999995,-6867.079999999958,-2.924131944902774,Wednesday,2026-06
2026-06-04,4,2,2,-462.14,1626.63,2088.77,133.91,0.4468716557837616,1.073,73.0,2,50.0,227512.43999999997,234841.65999999995,-7329.219999999972,-3.1209198572348593,Thursday,2026-06
2026-06-05,5,3,2,-2062.8,2059.8900000000003,4122.69,204.4,0.09085591593938122,1.0124,144.0,3,40.0,225449.63999999998,234841.65999999995,-9392.01999999996,-3.9992989318845567,Friday,2026-06
2026-06-06,6,4,2,-791.6999999999998,2680.5,3472.2,289.38,0.41408772895962204,1.3238333333333332,453.8333333333333,4,33.33333333333333,224657.93999999997,234841.65999999995,-10183.719999999972,-4.336419696573417,Saturday,2026-06
2026-06-08,6,3,1,-987.13,723.5,1710.63,79.15,-0.3576634668200436,1.4278333333333333,246.0,5,16.666666666666664,223670.80999999997,234841.65999999995,-11170.849999999977,-4.756758234463161,Monday,2026-06
2026-06-09,8,4,1,-2702.75,1297.21,3999.96,526.86,-0.649655048223606,1.02175,86.75,7,12.5,220968.05999999997,234841.65999999995,-13873.599999999977,-5.907640066928491,Tuesday,2026-06
2026-06-10,11,4,2,1762.15,4716.65,2954.5,127.17999999999999,-0.23339732488280768,1.0717272727272726,129.54545454545453,9,18.181818181818183,222730.20999999996,234841.65999999995,-12111.449999999983,-5.157283422370624,Wednesday,2026-06
2026-06-11,15,5,5,1089.2799999999995,7647.12,6557.84,295.44,-0.0930390645699586,1.0385333333333333,237.26666666666668,10,33.33333333333333,223819.48999999996,234841.65999999995,-11022.169999999984,-4.693447491386318,Thursday,2026-06
2026-06-12,11,4,5,2112.04,7138.83,5026.79,254.64,0.09899615029652149,1.160909090909091,346.27272727272725,6,45.45454545454545,225931.52999999997,234841.65999999995,-8910.129999999976,-3.794101097735375,Friday,2026-06
2026-06-13,2,1,2,3854.45,3854.45,0.0,79.92,1.8540203753362943,1.3445,185.5,0,100.0,229785.97999999998,234841.65999999995,-5055.679999999964,-2.152803723155408,Saturday,2026-06
2026-06-14,3,2,2,435.57000000000005,998.36,562.79,84.36,0.2612682178280504,0.8996666666666666,44.666666666666664,1,66.66666666666666,230221.55,234841.65999999995,-4620.109999999957,-1.9673298170350004,Sunday,2026-06
2026-06-15,13,6,5,268.9800000000002,4340.58,4071.6,509.72999999999996,-0.07816299828104048,1.4203076923076923,22.46153846153846,8,38.46153846153847,230490.53,234841.65999999995,-4351.129999999946,-1.8527930691683698,Monday,2026-06
2026-06-16,10,3,6,2658.21,3935.0600000000004,1276.85,78.74000000000001,1.3216912141774668,1.4045,519.3,4,60.0,233148.74,234841.65999999995,-1692.9199999999546,-0.7208772072212208,Tuesday,2026-06
2026-06-17,14,4,4,-6787.34,4441.86,11229.2,785.42,-0.40439528599956737,1.2807142857142857,232.57142857142858,10,28.57142857142857,226361.4,234841.65999999995,-8480.259999999951,-3.6110543589242017,Wednesday,2026-06
2026-06-18,12,4,5,5341.950000000001,8259.86,2917.91,189.22,0.24686143106136824,1.2005833333333333,574.0,7,41.66666666666667,231703.35,234841.65999999995,-3138.3099999999395,-1.3363514803974474,Thursday,2026-06
2026-06-19,16,5,5,-2838.6899999999996,3357.15,6195.84,270.03,-0.05240313929610738,1.0303125,205.9375,11,31.25,228864.66,234841.65999999995,-5976.999999999942,-2.545119124094057,Friday,2026-06
2026-06-20,8,2,2,-3891.4,1744.6399999999999,5636.04,285.64,-0.38299968845495935,1.20125,552.375,6,25.0,224973.26,234841.65999999995,-9868.399999999936,-4.202150504301468,Saturday,2026-06
2026-06-21,3,1,0,-639.99,0.0,639.99,32.83,-0.7213492735472794,1.2223333333333335,35.333333333333336,3,0.0,224333.27000000002,234841.65999999995,-10508.389999999927,-4.474670294870139,Sunday,2026-06
2026-06-22,12,3,6,7184.9,10105.74,2920.84,332.37,0.34497003853701885,1.3594166666666665,227.0,6,50.0,231518.17,234841.65999999995,-3323.4899999999325,-1.4152046106299594,Monday,2026-06
2026-06-23,13,4,3,-7226.05,1547.81,8773.86,510.62,-0.46183290193392146,1.3487692307692307,43.61538461538461,10,23.076923076923077,224292.12000000002,234841.65999999995,-10549.53999999992,-4.492192739567555,Tuesday,2026-06
2026-06-24,16,5,5,6993.139999999999,12226.63,5233.49,597.7,-0.06770597942557269,1.2458125,111.125,11,31.25,231285.26,234841.65999999995,-3556.399999999936,-1.5143820734361768,Wednesday,2026-06
2026-06-25,9,2,3,-694.8499999999999,5157.12,5851.969999999999,359.31,-0.03723537236515701,0.9942222222222222,102.55555555555556,6,33.33333333333333,230590.41,234841.65999999995,-4251.249999999942,-1.8102622848092382,Thursday,2026-06
2026-06-26,21,6,6,-1185.4600000000003,6432.38,7617.84,517.42,-0.19482909200110923,1.3633333333333333,170.57142857142858,15,28.57142857142857,229404.95,234841.65999999995,-5436.709999999934,-2.315053470495795,Friday,2026-06
2026-06-27,5,1,0,-2201.82,0.0,2201.82,109.4,-1.108343460473137,0.8939999999999999,236.8,5,0.0,227203.13,234841.65999999995,-7638.529999999941,-3.252629878361421,Saturday,2026-06
2026-06-28,9,3,1,-2166.84,266.94,2433.78,72.14,-0.6598491700919591,1.255111111111111,367.0,8,11.11111111111111,225036.29,234841.65999999995,-9805.369999999937,-4.175311143687171,Sunday,2026-06
2026-06-29,9,2,3,-4689.9,2133.27,6823.17,494.4,-0.5346279924168661,1.2315555555555555,134.88888888888889,6,33.33333333333333,220346.39,234841.65999999995,-14495.269999999931,-6.17235885660148,Monday,2026-06
2026-06-30,16,6,6,-162.39999999999998,2747.38,2909.7799999999997,425.32,0.22287354194439224,1.215375,454.6875,10,37.5,220183.99000000002,234841.65999999995,-14657.669999999925,-6.24151183397355,Tuesday,2026-06
